"Rep","ArenaID","mean_net_mm","mean_gross_mm","mean_CI","sd_CI","n","Mussel_ID","Byssus","Byssus_Threads","Start_Time","Aggregated","Type","Amax....","k","Time","Cluster_Score","Group","Byssus_Threads.1","Length.mm.","P_Status","Status","Intensity","Notes","sum_intensity","n_infected"
1,"CM1",8.65684322824697,148.130310021642,0.12704691222323,0.125499674927129,7,"G25",4,4,23,"yes","transient",NA,NA,"15:18-17:18",NA,"CM",4,35.3,"infected","infected",6,"",119,7
1,"CM1",8.65684322824697,148.130310021642,0.12704691222323,0.125499674927129,7,"G31",4,0,23,"yes","transient",NA,NA,"15:18-17:18",NA,"CM",0,35,"infected","infected",26,"",119,7
1,"CM1",8.65684322824697,148.130310021642,0.12704691222323,0.125499674927129,7,"G38",4,0,23,"yes","transient",NA,NA,"15:18-17:18",NA,"CM",0,35.5,"infected","infected",30,"",119,7
1,"CM1",8.65684322824697,148.130310021642,0.12704691222323,0.125499674927129,7,"G67",4,0,23,"yes","transient",NA,NA,"15:18-17:18",NA,"CM",0,33.5,"infected","infected",8,"",119,7
1,"CM1",8.65684322824697,148.130310021642,0.12704691222323,0.125499674927129,7,"G95",4,0,23,"yes","transient",NA,NA,"15:18-17:18",NA,"CM",0,27.5,"infected","infected",23,"",119,7
1,"CM1",8.65684322824697,148.130310021642,0.12704691222323,0.125499674927129,7,"Y4",4,0,23,"yes","transient",NA,NA,"15:18-17:18",NA,"CM",0,29.3,"infected","infected",9,"",119,7
1,"CM1",8.65684322824697,148.130310021642,0.12704691222323,0.125499674927129,7,"Y42",4,0,23,"yes","transient",NA,NA,"15:18-17:18",NA,"CM",0,27.6,"infected","infected",17,"",119,7
1,"CM2",22.5549491885659,193.743983614407,0.179589085620862,0.151408369373425,7,"B25",8,4,1,"yes","sustained","80,57","36,29","15:18-17:18",NA,"CM",4,36.3,"uninfected","uninfected",0,"",0,0
1,"CM2",22.5549491885659,193.743983614407,0.179589085620862,0.151408369373425,7,"B36",8,0,1,"yes","sustained","80,57","36,29","15:18-17:18",NA,"CM",0,37.2,"uninfected","uninfected",0,"",0,0
1,"CM2",22.5549491885659,193.743983614407,0.179589085620862,0.151408369373425,7,"B87",8,2,1,"yes","sustained","80,57","36,29","15:18-17:18",NA,"CM",2,34.9,"uninfected","uninfected",0,"",0,0
1,"CM2",22.5549491885659,193.743983614407,0.179589085620862,0.151408369373425,7,"B94",8,1,1,"yes","sustained","80,57","36,29","15:18-17:18",NA,"CM",1,35.4,"uninfected","uninfected",0,"",0,0
1,"CM2",22.5549491885659,193.743983614407,0.179589085620862,0.151408369373425,7,"P57",8,0,1,"yes","sustained","80,57","36,29","15:18-17:18",NA,"CM",0,30,"uninfected","uninfected",0,"",0,0
1,"CM2",22.5549491885659,193.743983614407,0.179589085620862,0.151408369373425,7,"P59",8,0,1,"yes","sustained","80,57","36,29","15:18-17:18",NA,"CM",0,38.1,"uninfected","uninfected",0,"",0,0
1,"CM2",22.5549491885659,193.743983614407,0.179589085620862,0.151408369373425,7,"P93",8,1,1,"yes","sustained","80,57","36,29","15:18-17:18",NA,"CM",1,38.1,"uninfected","uninfected",0,"",0,0
1,"Control1",3.74074164086672,12.5712103544758,0.219340033149766,0.143846140843172,7,"G51",2,1,NA,"no",NA,NA,NA,"15:18-17:18",NA,"Control",1,34,"infected","infected",16,"",71,7
1,"Control1",3.74074164086672,12.5712103544758,0.219340033149766,0.143846140843172,7,"G62",2,0,NA,"no",NA,NA,NA,"15:18-17:18",NA,"Control",0,32.3,"infected","infected",7,"",71,7
1,"Control1",3.74074164086672,12.5712103544758,0.219340033149766,0.143846140843172,7,"G76",2,0,NA,"no",NA,NA,NA,"15:18-17:18",NA,"Control",0,33.3,"infected","infected",6,"",71,7
1,"Control1",3.74074164086672,12.5712103544758,0.219340033149766,0.143846140843172,7,"G81",2,0,NA,"no",NA,NA,NA,"15:18-17:18",NA,"Control",0,30,"infected","infected",18,"",71,7
1,"Control1",3.74074164086672,12.5712103544758,0.219340033149766,0.143846140843172,7,"Y14",2,0,NA,"no",NA,NA,NA,"15:18-17:18",NA,"Control",0,34.6,"infected","infected",4,"",71,7
1,"Control1",3.74074164086672,12.5712103544758,0.219340033149766,0.143846140843172,7,"Y49",2,1,NA,"no",NA,NA,NA,"15:18-17:18",NA,"Control",1,32.4,"infected","infected",2,"",71,7
1,"Control1",3.74074164086672,12.5712103544758,0.219340033149766,0.143846140843172,7,"Y91",2,0,NA,"no",NA,NA,NA,"15:18-17:18",NA,"Control",0,30.7,"infected","infected",18,"",71,7
1,"Control2",4.30192467256329,19.6216083261069,0.204115858428403,0.116398412000098,7,"B52",8,0,NA,"no",NA,NA,NA,"15:18-17:18",NA,"Control",0,35.7,"uninfected","uninfected",0,"",0,0
1,"Control2",4.30192467256329,19.6216083261069,0.204115858428403,0.116398412000098,7,"B61",8,0,NA,"no",NA,NA,NA,"15:18-17:18",NA,"Control",0,34.9,"uninfected","uninfected",0,"",0,0
1,"Control2",4.30192467256329,19.6216083261069,0.204115858428403,0.116398412000098,7,"B93",8,0,NA,"no",NA,NA,NA,"15:18-17:18",NA,"Control",0,34.9,"uninfected","uninfected",0,"",0,0
1,"Control2",4.30192467256329,19.6216083261069,0.204115858428403,0.116398412000098,7,"P34",8,2,NA,"no",NA,NA,NA,"15:18-17:18",NA,"Control",2,36.9,"uninfected","uninfected",0,"",0,0
1,"Control2",4.30192467256329,19.6216083261069,0.204115858428403,0.116398412000098,7,"P38",8,6,NA,"no",NA,NA,NA,"15:18-17:18",NA,"Control",6,34.6,"uninfected","uninfected",0,"",0,0
1,"Control2",4.30192467256329,19.6216083261069,0.204115858428403,0.116398412000098,7,"P42",8,0,NA,"no",NA,NA,NA,"15:18-17:18",NA,"Control",0,35.9,"uninfected","uninfected",0,"",0,0
1,"Control2",4.30192467256329,19.6216083261069,0.204115858428403,0.116398412000098,7,"P79",8,0,NA,"no",NA,NA,NA,"15:18-17:18",NA,"Control",0,37.5,"uninfected","uninfected",0,"",0,0
1,"HS1",20.8831854807646,83.1436894013474,0.281754386538937,0.163172267889311,7,"G18",2,0,24,"yes","transient",NA,NA,"15:18-17:18",NA,"HS",0,33,"infected","infected",11,"",96,7
1,"HS1",20.8831854807646,83.1436894013474,0.281754386538937,0.163172267889311,7,"G45",2,0,24,"yes","transient",NA,NA,"15:18-17:18",NA,"HS",0,36.5,"infected","infected",3,"",96,7
1,"HS1",20.8831854807646,83.1436894013474,0.281754386538937,0.163172267889311,7,"G52",2,1,24,"yes","transient",NA,NA,"15:18-17:18",NA,"HS",1,31.5,"infected","infected",8,"",96,7
1,"HS1",20.8831854807646,83.1436894013474,0.281754386538937,0.163172267889311,7,"G56",2,0,24,"yes","transient",NA,NA,"15:18-17:18",NA,"HS",0,36.9,"infected","infected",38,"",96,7
1,"HS1",20.8831854807646,83.1436894013474,0.281754386538937,0.163172267889311,7,"G85",2,1,24,"yes","transient",NA,NA,"15:18-17:18",NA,"HS",1,35.5,"infected","infected",18,"",96,7
1,"HS1",20.8831854807646,83.1436894013474,0.281754386538937,0.163172267889311,7,"Y46",2,0,24,"yes","transient",NA,NA,"15:18-17:18",NA,"HS",0,33.5,"infected","infected",2,"",96,7
1,"HS1",20.8831854807646,83.1436894013474,0.281754386538937,0.163172267889311,7,"Y5",2,0,24,"yes","transient",NA,NA,"15:18-17:18",NA,"HS",0,27.4,"infected","infected",16,"",96,7
1,"HS2",21.9727354051455,187.585150965984,0.137506158830027,0.0778641026752692,7,"B11",5,4,16,"yes","sustained","80,95","30,15","15:18-17:18",NA,"HS",4,33.5,"uninfected","uninfected",0,"",0,0
1,"HS2",21.9727354051455,187.585150965984,0.137506158830027,0.0778641026752692,7,"B74",5,1,16,"yes","sustained","80,95","30,15","15:18-17:18",NA,"HS",1,32.5,"uninfected","uninfected",0,"",0,0
1,"HS2",21.9727354051455,187.585150965984,0.137506158830027,0.0778641026752692,7,"B80",5,0,16,"yes","sustained","80,95","30,15","15:18-17:18",NA,"HS",0,28.7,"uninfected","uninfected",0,"",0,0
1,"HS2",21.9727354051455,187.585150965984,0.137506158830027,0.0778641026752692,7,"P1",5,0,16,"yes","sustained","80,95","30,15","15:18-17:18",NA,"HS",0,35.2,"uninfected","uninfected",0,"",0,0
1,"HS2",21.9727354051455,187.585150965984,0.137506158830027,0.0778641026752692,7,"P7",5,0,16,"yes","sustained","80,95","30,15","15:18-17:18",NA,"HS",0,30.8,"uninfected","uninfected",0,"",0,0
1,"HS2",21.9727354051455,187.585150965984,0.137506158830027,0.0778641026752692,7,"P80",5,0,16,"yes","sustained","80,95","30,15","15:18-17:18",NA,"HS",0,38,"uninfected","uninfected",0,"",0,0
1,"HS2",21.9727354051455,187.585150965984,0.137506158830027,0.0778641026752692,7,"P92",5,0,16,"yes","sustained","80,95","30,15","15:18-17:18",NA,"HS",0,37.6,"uninfected","uninfected",0,"",0,0
1,"HT1",22.4563277775088,92.2104500388243,0.263696734810049,0.140958702054174,7,"G10",13,3,36,"yes","sustained","80,95","30,15","15:18-17:18",NA,"HT",3,33,"infected","infected",6,"",73,7
1,"HT1",22.4563277775088,92.2104500388243,0.263696734810049,0.140958702054174,7,"G13",13,0,36,"yes","sustained","80,95","30,15","15:18-17:18",NA,"HT",0,32.9,"infected","infected",14,"",73,7
1,"HT1",22.4563277775088,92.2104500388243,0.263696734810049,0.140958702054174,7,"G40",13,3,36,"yes","sustained","80,95","30,15","15:18-17:18",NA,"HT",3,37,"infected","infected",3,"",73,7
1,"HT1",22.4563277775088,92.2104500388243,0.263696734810049,0.140958702054174,7,"G82",13,3,36,"yes","sustained","80,95","30,15","15:18-17:18",NA,"HT",3,29.5,"infected","infected",18,"",73,7
1,"HT1",22.4563277775088,92.2104500388243,0.263696734810049,0.140958702054174,7,"G87",13,2,36,"yes","sustained","80,95","30,15","15:18-17:18",NA,"HT",2,39,"infected","infected",6,"",73,7
1,"HT1",22.4563277775088,92.2104500388243,0.263696734810049,0.140958702054174,7,"Y40",13,2,36,"yes","sustained","80,95","30,15","15:18-17:18",NA,"HT",2,30.6,"infected","infected",14,"",73,7
1,"HT1",22.4563277775088,92.2104500388243,0.263696734810049,0.140958702054174,7,"Y44",13,0,36,"yes","sustained","80,95","30,15","15:18-17:18",NA,"HT",0,36.6,"infected","infected",12,"",73,7
1,"HT2",11.8024244994771,98.3756181652349,0.264655601225487,0.168496481020743,7,"B75",9,0,10,"yes","sustained","31,28","5,23","15:18-17:18",NA,"HT",0,31.1,"uninfected","uninfected",0,"",0,0
1,"HT2",11.8024244994771,98.3756181652349,0.264655601225487,0.168496481020743,7,"B81",9,1,10,"yes","sustained","31,28","5,23","15:18-17:18",NA,"HT",1,33.4,"uninfected","uninfected",0,"",0,0
1,"HT2",11.8024244994771,98.3756181652349,0.264655601225487,0.168496481020743,7,"P17",9,1,10,"yes","sustained","31,28","5,23","15:18-17:18",NA,"HT",1,29.1,"uninfected","uninfected",0,"",0,0
1,"HT2",11.8024244994771,98.3756181652349,0.264655601225487,0.168496481020743,7,"P22",9,1,10,"yes","sustained","31,28","5,23","15:18-17:18",NA,"HT",1,35,"uninfected","uninfected",0,"",0,0
1,"HT2",11.8024244994771,98.3756181652349,0.264655601225487,0.168496481020743,7,"P49",9,5,10,"yes","sustained","31,28","5,23","15:18-17:18",NA,"HT",5,35.3,"uninfected","uninfected",0,"",0,0
1,"HT2",11.8024244994771,98.3756181652349,0.264655601225487,0.168496481020743,7,"P68",9,0,10,"yes","sustained","31,28","5,23","15:18-17:18",NA,"HT",0,27.3,"uninfected","uninfected",0,"",0,0
1,"HT2",11.8024244994771,98.3756181652349,0.264655601225487,0.168496481020743,7,"P87",9,1,10,"yes","sustained","31,28","5,23","15:18-17:18",NA,"HT",1,36.2,"uninfected","uninfected",0,"",0,0
2,"CM1",9.62862865509186,75.739335166113,0.242485121408084,0.226169661526316,7,"B10",6,0,13,"yes","sustained","33,57","11,26","11:35-13:35",NA,"CM",0,37.8,"uninfected","uninfected",0,"",0,0
2,"CM1",9.62862865509186,75.739335166113,0.242485121408084,0.226169661526316,7,"B24",6,0,13,"yes","sustained","33,57","11,26","11:35-13:35",NA,"CM",0,36,"uninfected","uninfected",0,"",0,0
2,"CM1",9.62862865509186,75.739335166113,0.242485121408084,0.226169661526316,7,"B29",6,0,13,"yes","sustained","33,57","11,26","11:35-13:35",NA,"CM",0,27.8,"uninfected","uninfected",0,"",0,0
2,"CM1",9.62862865509186,75.739335166113,0.242485121408084,0.226169661526316,7,"B49",6,2,13,"yes","sustained","33,57","11,26","11:35-13:35",NA,"CM",2,32.1,"uninfected","uninfected",0,"",0,0
2,"CM1",9.62862865509186,75.739335166113,0.242485121408084,0.226169661526316,7,"B88",6,2,13,"yes","sustained","33,57","11,26","11:35-13:35",NA,"CM",2,37.3,"uninfected","uninfected",0,"",0,0
2,"CM1",9.62862865509186,75.739335166113,0.242485121408084,0.226169661526316,7,"P73",6,0,13,"yes","sustained","33,57","11,26","11:35-13:35",NA,"CM",0,38,"uninfected","uninfected",0,"",0,0
2,"CM1",9.62862865509186,75.739335166113,0.242485121408084,0.226169661526316,7,"P85",6,2,13,"yes","sustained","33,57","11,26","11:35-13:35",NA,"CM",2,37.1,"uninfected","uninfected",0,"",0,0
2,"CM2",12.2007166753757,47.2866781264745,0.23843243315913,0.164236159533869,7,"G32",13,0,14,"yes","sustained","33,57","11,26","11:35-13:35",NA,"CM",0,37.8,"infected","infected",8,"",178,6
2,"CM2",12.2007166753757,47.2866781264745,0.23843243315913,0.164236159533869,7,"G89",13,0,14,"yes","sustained","33,57","11,26","11:35-13:35",NA,"CM",0,29,"infected","infected",2,"",178,6
2,"CM2",12.2007166753757,47.2866781264745,0.23843243315913,0.164236159533869,7,"G98",13,3,14,"yes","sustained","33,57","11,26","11:35-13:35",NA,"CM",3,33.6,"infected","infected",12,"",178,6
2,"CM2",12.2007166753757,47.2866781264745,0.23843243315913,0.164236159533869,7,"Y27",13,7,14,"yes","sustained","33,57","11,26","11:35-13:35",NA,"CM",7,36,"infected","infected",119,"",178,6
2,"CM2",12.2007166753757,47.2866781264745,0.23843243315913,0.164236159533869,7,"Y79",13,0,14,"yes","sustained","33,57","11,26","11:35-13:35",NA,"CM",0,36.7,"infected","infected",22,"",178,6
2,"CM2",12.2007166753757,47.2866781264745,0.23843243315913,0.164236159533869,7,"Y88",13,1,14,"yes","sustained","33,57","11,26","11:35-13:35",NA,"CM",1,31.6,"infected","infected",15,"",178,6
2,"CM2",12.2007166753757,47.2866781264745,0.23843243315913,0.164236159533869,7,"Y92",13,2,14,"yes","sustained","33,57","11,26","11:35-13:35",NA,"CM",2,30.8,"infected","infected",NA,"Died during dissection; parasite load could not be determined.",178,6
2,"Control1",9.41223346593325,31.1562023338841,0.291409575969277,0.063289459239064,7,"G41",4,0,33,"yes","transient",NA,NA,"11:35-13:35",NA,"Control",0,37.3,"infected","infected",NA,"Died during dissection; parasite load could not be determined.",71,5
2,"Control1",9.41223346593325,31.1562023338841,0.291409575969277,0.063289459239064,7,"G5",4,1,33,"yes","transient",NA,NA,"11:35-13:35",NA,"Control",1,28.5,"infected","infected",15,"",71,5
2,"Control1",9.41223346593325,31.1562023338841,0.291409575969277,0.063289459239064,7,"G69",4,3,33,"yes","transient",NA,NA,"11:35-13:35",NA,"Control",3,34.9,"infected","infected",16,"",71,5
2,"Control1",9.41223346593325,31.1562023338841,0.291409575969277,0.063289459239064,7,"G71",4,0,33,"yes","transient",NA,NA,"11:35-13:35",NA,"Control",0,38.3,"infected","infected",23,"",71,5
2,"Control1",9.41223346593325,31.1562023338841,0.291409575969277,0.063289459239064,7,"Y2",4,0,33,"yes","transient",NA,NA,"11:35-13:35",NA,"Control",0,26.4,"infected","infected",9,"",71,5
2,"Control1",9.41223346593325,31.1562023338841,0.291409575969277,0.063289459239064,7,"Y21",4,0,33,"yes","transient",NA,NA,"11:35-13:35",NA,"Control",0,27,"infected","infected",8,"",71,5
2,"Control1",9.41223346593325,31.1562023338841,0.291409575969277,0.063289459239064,7,"Y50",4,0,33,"yes","transient",NA,NA,"11:35-13:35",NA,"Control",0,35.3,"infected","uninfected",0,"",71,5
2,"Control2",10.6738444028245,50.3189976587787,0.212915682061456,0.0889669986878451,7,"B3",6,0,16,"yes","sustained","34,71","23,84","11:35-13:35",NA,"Control",0,35.7,"uninfected","uninfected",0,"",0,0
2,"Control2",10.6738444028245,50.3189976587787,0.212915682061456,0.0889669986878451,7,"B5",6,0,16,"yes","sustained","34,71","23,84","11:35-13:35",NA,"Control",0,36.4,"uninfected","uninfected",0,"",0,0
2,"Control2",10.6738444028245,50.3189976587787,0.212915682061456,0.0889669986878451,7,"B97",6,3,16,"yes","sustained","34,71","23,84","11:35-13:35",NA,"Control",3,35.9,"uninfected","uninfected",0,"",0,0
2,"Control2",10.6738444028245,50.3189976587787,0.212915682061456,0.0889669986878451,7,"P13",6,3,16,"yes","sustained","34,71","23,84","11:35-13:35",NA,"Control",3,37.5,"uninfected","uninfected",0,"",0,0
2,"Control2",10.6738444028245,50.3189976587787,0.212915682061456,0.0889669986878451,7,"P48",6,0,16,"yes","sustained","34,71","23,84","11:35-13:35",NA,"Control",0,36.6,"uninfected","uninfected",0,"",0,0
2,"Control2",10.6738444028245,50.3189976587787,0.212915682061456,0.0889669986878451,7,"P69",6,0,16,"yes","sustained","34,71","23,84","11:35-13:35",NA,"Control",0,37.7,"uninfected","uninfected",0,"",0,0
2,"Control2",10.6738444028245,50.3189976587787,0.212915682061456,0.0889669986878451,7,"P95",6,0,16,"yes","sustained","34,71","23,84","11:35-13:35",NA,"Control",0,38.2,"uninfected","uninfected",0,"",0,0
2,"HS1",3.73683453440712,13.5226523772822,0.190375585210783,0.172506374631126,7,"B28",3,0,NA,"no",NA,NA,NA,"11:35-13:35",NA,"HS",0,31.5,"uninfected","uninfected",0,"",0,0
2,"HS1",3.73683453440712,13.5226523772822,0.190375585210783,0.172506374631126,7,"B47",3,0,NA,"no",NA,NA,NA,"11:35-13:35",NA,"HS",0,28.9,"uninfected","uninfected",0,"",0,0
2,"HS1",3.73683453440712,13.5226523772822,0.190375585210783,0.172506374631126,7,"P36",3,0,NA,"no",NA,NA,NA,"11:35-13:35",NA,"HS",0,27.6,"uninfected","uninfected",0,"",0,0
2,"HS1",3.73683453440712,13.5226523772822,0.190375585210783,0.172506374631126,7,"P39",3,3,NA,"no",NA,NA,NA,"11:35-13:35",NA,"HS",3,35.4,"uninfected","uninfected",0,"",0,0
2,"HS1",3.73683453440712,13.5226523772822,0.190375585210783,0.172506374631126,7,"P50",3,0,NA,"no",NA,NA,NA,"11:35-13:35",NA,"HS",0,36.7,"uninfected","uninfected",0,"",0,0
2,"HS1",3.73683453440712,13.5226523772822,0.190375585210783,0.172506374631126,7,"P6",3,0,NA,"no",NA,NA,NA,"11:35-13:35",NA,"HS",0,33,"uninfected","uninfected",0,"",0,0
2,"HS1",3.73683453440712,13.5226523772822,0.190375585210783,0.172506374631126,7,"P77",3,0,NA,"no",NA,NA,NA,"11:35-13:35",NA,"HS",0,39.5,"uninfected","uninfected",0,"",0,0
2,"HS2",6.22731880596887,94.188254133626,0.111716038343738,0.0997507414833357,7,"G37",5,0,7,"yes","transient",NA,NA,"11:35-13:35",NA,"HS",0,29.4,"infected","infected",10,"",89,7
2,"HS2",6.22731880596887,94.188254133626,0.111716038343738,0.0997507414833357,7,"G61",5,3,7,"yes","transient",NA,NA,"11:35-13:35",NA,"HS",3,34.7,"infected","infected",13,"",89,7
2,"HS2",6.22731880596887,94.188254133626,0.111716038343738,0.0997507414833357,7,"Y30",5,0,7,"yes","transient",NA,NA,"11:35-13:35",NA,"HS",0,36.2,"infected","infected",23,"",89,7
2,"HS2",6.22731880596887,94.188254133626,0.111716038343738,0.0997507414833357,7,"Y61",5,2,7,"yes","transient",NA,NA,"11:35-13:35",NA,"HS",2,36.2,"infected","infected",9,"",89,7
2,"HS2",6.22731880596887,94.188254133626,0.111716038343738,0.0997507414833357,7,"Y66",5,0,7,"yes","transient",NA,NA,"11:35-13:35",NA,"HS",0,36,"infected","infected",7,"",89,7
2,"HS2",6.22731880596887,94.188254133626,0.111716038343738,0.0997507414833357,7,"Y77",5,0,7,"yes","transient",NA,NA,"11:35-13:35",NA,"HS",0,29,"infected","infected",3,"",89,7
2,"HS2",6.22731880596887,94.188254133626,0.111716038343738,0.0997507414833357,7,"Y8",5,0,7,"yes","transient",NA,NA,"11:35-13:35",NA,"HS",0,36.3,"infected","infected",24,"",89,7
2,"HT1",21.0619276403643,64.6080077825389,0.361151962966093,0.186712925570554,7,"G15",10,2,31,"yes","sustained","57,14","54,15","11:35-13:35",NA,"HT",2,23.7,"infected","infected",8," ",57,6
2,"HT1",21.0619276403643,64.6080077825389,0.361151962966093,0.186712925570554,7,"G22",10,1,31,"yes","sustained","57,14","54,15","11:35-13:35",NA,"HT",1,35,"infected","infected",NA,"Died during dissection; parasite load could not be determined.",57,6
2,"HT1",21.0619276403643,64.6080077825389,0.361151962966093,0.186712925570554,7,"G74",10,0,31,"yes","sustained","57,14","54,15","11:35-13:35",NA,"HT",0,35.1,"infected","infected",12,"",57,6
2,"HT1",21.0619276403643,64.6080077825389,0.361151962966093,0.186712925570554,7,"Y1",10,2,31,"yes","sustained","57,14","54,15","11:35-13:35",NA,"HT",2,26.3,"infected","infected",6,"",57,6
2,"HT1",21.0619276403643,64.6080077825389,0.361151962966093,0.186712925570554,7,"Y26",10,5,31,"yes","sustained","57,14","54,15","11:35-13:35",NA,"HT",5,36.1,"infected","infected",9,"",57,6
2,"HT1",21.0619276403643,64.6080077825389,0.361151962966093,0.186712925570554,7,"Y54",10,0,31,"yes","sustained","57,14","54,15","11:35-13:35",NA,"HT",0,36.4,"infected","infected",18,"",57,6
2,"HT1",21.0619276403643,64.6080077825389,0.361151962966093,0.186712925570554,7,"Y55",10,0,31,"yes","sustained","57,14","54,15","11:35-13:35",NA,"HT",0,26.9,"infected","infected",4,"",57,6
2,"HT2",22.1842508885261,85.5186613057913,0.306887277050335,0.188761677985761,7,"B1",7,0,26,"yes","sustained","57,14","46,04","11:35-13:35",NA,"HT",0,35.6,"uninfected","uninfected",0,"",0,0
2,"HT2",22.1842508885261,85.5186613057913,0.306887277050335,0.188761677985761,7,"B30",7,0,26,"yes","sustained","57,14","46,04","11:35-13:35",NA,"HT",0,36.9,"uninfected","uninfected",0,"",0,0
2,"HT2",22.1842508885261,85.5186613057913,0.306887277050335,0.188761677985761,7,"B91",7,1,26,"yes","sustained","57,14","46,04","11:35-13:35",NA,"HT",1,30.8,"uninfected","uninfected",0,"",0,0
2,"HT2",22.1842508885261,85.5186613057913,0.306887277050335,0.188761677985761,7,"P19",7,2,26,"yes","sustained","57,14","46,04","11:35-13:35",NA,"HT",2,35.5,"uninfected","uninfected",0,"",0,0
2,"HT2",22.1842508885261,85.5186613057913,0.306887277050335,0.188761677985761,7,"P60",7,1,26,"yes","sustained","57,14","46,04","11:35-13:35",NA,"HT",1,29.3,"uninfected","uninfected",0,"",0,0
2,"HT2",22.1842508885261,85.5186613057913,0.306887277050335,0.188761677985761,7,"P72",7,1,26,"yes","sustained","57,14","46,04","11:35-13:35",NA,"HT",1,37.2,"uninfected","uninfected",0,"",0,0
2,"HT2",22.1842508885261,85.5186613057913,0.306887277050335,0.188761677985761,7,"P98",7,2,26,"yes","sustained","57,14","46,04","11:35-13:35",NA,"HT",2,37.6,"uninfected","uninfected",0,"",0,0
3,"CMA",7.51198470777199,33.8272022485634,0.217713240768092,0.107855745490629,7,"G21",6,2,NA,"no",NA,NA,NA,"11:39-13:39",NA,"CM",2,34,"infected","infected",15,"",182,7
3,"CMA",7.51198470777199,33.8272022485634,0.217713240768092,0.107855745490629,7,"G3",6,0,NA,"no",NA,NA,NA,"11:39-13:39",NA,"CM",0,36.6,"infected","infected",3,"",182,7
3,"CMA",7.51198470777199,33.8272022485634,0.217713240768092,0.107855745490629,7,"G60",6,0,NA,"no",NA,NA,NA,"11:39-13:39",NA,"CM",0,37.3,"infected","infected",23,"",182,7
3,"CMA",7.51198470777199,33.8272022485634,0.217713240768092,0.107855745490629,7,"Y11",6,2,NA,"no",NA,NA,NA,"11:39-13:39",NA,"CM",2,27.4,"infected","infected",79,"",182,7
3,"CMA",7.51198470777199,33.8272022485634,0.217713240768092,0.107855745490629,7,"Y47",6,0,NA,"no",NA,NA,NA,"11:39-13:39",NA,"CM",0,28.2,"infected","infected",11,"",182,7
3,"CMA",7.51198470777199,33.8272022485634,0.217713240768092,0.107855745490629,7,"Y70",6,2,NA,"no",NA,NA,NA,"11:39-13:39",NA,"CM",2,35.6,"infected","infected",31,"",182,7
3,"CMA",7.51198470777199,33.8272022485634,0.217713240768092,0.107855745490629,7,"Y87",6,0,NA,"no",NA,NA,NA,"11:39-13:39",NA,"CM",0,34,"infected","infected",20,"",182,7
3,"CMB",9.93240956520314,68.2405773018427,0.152539826748236,0.0682515897811432,7,"B13",7,2,8,"yes","sustained","32,98","13,57","11:39-13:39",NA,"CM",2,37.2,"uninfected","uninfected",0,"",0,0
3,"CMB",9.93240956520314,68.2405773018427,0.152539826748236,0.0682515897811432,7,"B22",7,0,8,"yes","sustained","32,98","13,57","11:39-13:39",NA,"CM",0,30,"uninfected","uninfected",0,"",0,0
3,"CMB",9.93240956520314,68.2405773018427,0.152539826748236,0.0682515897811432,7,"B44",7,1,8,"yes","sustained","32,98","13,57","11:39-13:39",NA,"CM",1,30.8,"uninfected","uninfected",0,"",0,0
3,"CMB",9.93240956520314,68.2405773018427,0.152539826748236,0.0682515897811432,7,"B54",7,0,8,"yes","sustained","32,98","13,57","11:39-13:39",NA,"CM",0,34.4,"uninfected","uninfected",0,"",0,0
3,"CMB",9.93240956520314,68.2405773018427,0.152539826748236,0.0682515897811432,7,"B90",7,4,8,"yes","sustained","32,98","13,57","11:39-13:39",NA,"CM",4,33.8,"uninfected","uninfected",0,"",0,0
3,"CMB",9.93240956520314,68.2405773018427,0.152539826748236,0.0682515897811432,7,"P33",7,0,8,"yes","sustained","32,98","13,57","11:39-13:39",NA,"CM",0,29.8,"uninfected","uninfected",0,"",0,0
3,"CMB",9.93240956520314,68.2405773018427,0.152539826748236,0.0682515897811432,7,"P41",7,0,8,"yes","sustained","32,98","13,57","11:39-13:39",NA,"CM",0,28.9,"uninfected","uninfected",0,"",0,0
3,"ControlA",6.19684705699127,57.051723931215,0.131670054385666,0.0631762193475765,7,"B15",3,0,42,"yes","sustained","35,57","62,67","11:39-13:39",NA,"Control",0,34.2,"uninfected","uninfected",0,"",0,0
3,"ControlA",6.19684705699127,57.051723931215,0.131670054385666,0.0631762193475765,7,"B32",3,2,42,"yes","sustained","35,57","62,67","11:39-13:39",NA,"Control",2,35.8,"uninfected","uninfected",0,"",0,0
3,"ControlA",6.19684705699127,57.051723931215,0.131670054385666,0.0631762193475765,7,"B37",3,0,42,"yes","sustained","35,57","62,67","11:39-13:39",NA,"Control",0,32,"uninfected","uninfected",0,"",0,0
3,"ControlA",6.19684705699127,57.051723931215,0.131670054385666,0.0631762193475765,7,"P23",3,0,42,"yes","sustained","35,57","62,67","11:39-13:39",NA,"Control",0,34.5,"uninfected","uninfected",0,"",0,0
3,"ControlA",6.19684705699127,57.051723931215,0.131670054385666,0.0631762193475765,7,"P28",3,1,42,"yes","sustained","35,57","62,67","11:39-13:39",NA,"Control",1,30,"uninfected","uninfected",0,"",0,0
3,"ControlA",6.19684705699127,57.051723931215,0.131670054385666,0.0631762193475765,7,"P58",3,0,42,"yes","sustained","35,57","62,67","11:39-13:39",NA,"Control",0,34.6,"uninfected","uninfected",0,"",0,0
3,"ControlA",6.19684705699127,57.051723931215,0.131670054385666,0.0631762193475765,7,"P84",3,0,42,"yes","sustained","35,57","62,67","11:39-13:39",NA,"Control",0,30.4,"uninfected","uninfected",0,"",0,0
3,"ControlB",19.6128973890335,39.369325070384,0.30166234880625,0.234621997162919,7,"G19",5,1,94,"yes","sustained","35,57","62,67","11:39-13:39",NA,"Control",1,34.1,"infected","infected",33,"",109,7
3,"ControlB",19.6128973890335,39.369325070384,0.30166234880625,0.234621997162919,7,"G2",5,1,94,"yes","sustained","35,57","62,67","11:39-13:39",NA,"Control",1,38,"infected","infected",16,"",109,7
3,"ControlB",19.6128973890335,39.369325070384,0.30166234880625,0.234621997162919,7,"G42",5,0,94,"yes","sustained","35,57","62,67","11:39-13:39",NA,"Control",0,24.7,"infected","infected",8,"",109,7
3,"ControlB",19.6128973890335,39.369325070384,0.30166234880625,0.234621997162919,7,"G43",5,3,94,"yes","sustained","35,57","62,67","11:39-13:39",NA,"Control",3,33.1,"infected","infected",26,"",109,7
3,"ControlB",19.6128973890335,39.369325070384,0.30166234880625,0.234621997162919,7,"G49",5,0,94,"yes","sustained","35,57","62,67","11:39-13:39",NA,"Control",0,33.7,"infected","infected",6,"",109,7
3,"ControlB",19.6128973890335,39.369325070384,0.30166234880625,0.234621997162919,7,"G57",5,0,94,"yes","sustained","35,57","62,67","11:39-13:39",NA,"Control",0,35.4,"infected","infected",3,"",109,7
3,"ControlB",19.6128973890335,39.369325070384,0.30166234880625,0.234621997162919,7,"Y85",5,0,94,"yes","sustained","35,57","62,67","11:39-13:39",NA,"Control",0,30.4,"infected","infected",17,"",109,7
3,"HSA",13.6102731067549,62.8505404834504,0.252893384938483,0.177774963028464,7,"G4",9,4,12,"yes","transient",NA,NA,"11:39-13:39",NA,"HS",4,32.5,"infected","infected",27,"",90,7
3,"HSA",13.6102731067549,62.8505404834504,0.252893384938483,0.177774963028464,7,"G53",9,0,12,"yes","transient",NA,NA,"11:39-13:39",NA,"HS",0,32.2,"infected","infected",3,"",90,7
3,"HSA",13.6102731067549,62.8505404834504,0.252893384938483,0.177774963028464,7,"Y10",9,3,12,"yes","transient",NA,NA,"11:39-13:39",NA,"HS",3,33.7,"infected","infected",4,"",90,7
3,"HSA",13.6102731067549,62.8505404834504,0.252893384938483,0.177774963028464,7,"Y18",9,0,12,"yes","transient",NA,NA,"11:39-13:39",NA,"HS",0,31.5,"infected","infected",16,"",90,7
3,"HSA",13.6102731067549,62.8505404834504,0.252893384938483,0.177774963028464,7,"Y52",9,0,12,"yes","transient",NA,NA,"11:39-13:39",NA,"HS",0,35.8,"infected","infected",10,"",90,7
3,"HSA",13.6102731067549,62.8505404834504,0.252893384938483,0.177774963028464,7,"Y80",9,0,12,"yes","transient",NA,NA,"11:39-13:39",NA,"HS",0,35,"infected","infected",12,"",90,7
3,"HSA",13.6102731067549,62.8505404834504,0.252893384938483,0.177774963028464,7,"Y81",9,2,12,"yes","transient",NA,NA,"11:39-13:39",NA,"HS",2,33.1,"infected","infected",18,"",90,7
3,"HSB",5.58783607718319,45.3492323087499,0.146483438715701,0.0938783802565105,7,"B26",0,0,18,"yes","transient",NA,NA,"11:39-13:39",NA,"HS",0,36.4,"uninfected","uninfected",0,"",0,0
3,"HSB",5.58783607718319,45.3492323087499,0.146483438715701,0.0938783802565105,7,"B62",0,0,18,"yes","transient",NA,NA,"11:39-13:39",NA,"HS",0,30,"uninfected","uninfected",0,"",0,0
3,"HSB",5.58783607718319,45.3492323087499,0.146483438715701,0.0938783802565105,7,"B68",0,0,18,"yes","transient",NA,NA,"11:39-13:39",NA,"HS",0,34.8,"uninfected","uninfected",0,"",0,0
3,"HSB",5.58783607718319,45.3492323087499,0.146483438715701,0.0938783802565105,7,"B72",0,0,18,"yes","transient",NA,NA,"11:39-13:39",NA,"HS",0,31.2,"uninfected","uninfected",0,"",0,0
3,"HSB",5.58783607718319,45.3492323087499,0.146483438715701,0.0938783802565105,7,"B89",0,0,18,"yes","transient",NA,NA,"11:39-13:39",NA,"HS",0,32.1,"uninfected","uninfected",0,"",0,0
3,"HSB",5.58783607718319,45.3492323087499,0.146483438715701,0.0938783802565105,7,"P47",0,0,18,"yes","transient",NA,NA,"11:39-13:39",NA,"HS",0,37.2,"uninfected","uninfected",0,"",0,0
3,"HSB",5.58783607718319,45.3492323087499,0.146483438715701,0.0938783802565105,7,"P51",0,0,18,"yes","transient",NA,NA,"11:39-13:39",NA,"HS",0,31,"uninfected","uninfected",0,"",0,0
3,"HTA",25.0264732731403,97.1288930188327,0.254856378662477,0.122413046697926,7,"B23",13,0,15,"yes","sustained","52,98","17,62","11:39-13:39",NA,"HT",0,30.8,"uninfected","uninfected",0,"",0,0
3,"HTA",25.0264732731403,97.1288930188327,0.254856378662477,0.122413046697926,7,"B9",13,2,15,"yes","sustained","52,98","17,62","11:39-13:39",NA,"HT",2,36,"uninfected","uninfected",0,"",0,0
3,"HTA",25.0264732731403,97.1288930188327,0.254856378662477,0.122413046697926,7,"P14",13,3,15,"yes","sustained","52,98","17,62","11:39-13:39",NA,"HT",3,33.9,"uninfected","uninfected",0,"",0,0
3,"HTA",25.0264732731403,97.1288930188327,0.254856378662477,0.122413046697926,7,"P40",13,2,15,"yes","sustained","52,98","17,62","11:39-13:39",NA,"HT",2,28.8,"uninfected","uninfected",0,"",0,0
3,"HTA",25.0264732731403,97.1288930188327,0.254856378662477,0.122413046697926,7,"P78",13,0,15,"yes","sustained","52,98","17,62","11:39-13:39",NA,"HT",0,38.9,"uninfected","uninfected",0,"",0,0
3,"HTA",25.0264732731403,97.1288930188327,0.254856378662477,0.122413046697926,7,"P83",13,5,15,"yes","sustained","52,98","17,62","11:39-13:39",NA,"HT",5,31.1,"uninfected","uninfected",0,"",0,0
3,"HTA",25.0264732731403,97.1288930188327,0.254856378662477,0.122413046697926,7,"P86",13,1,15,"yes","sustained","52,98","17,62","11:39-13:39",NA,"HT",1,33.8,"uninfected","uninfected",0,"",0,0
3,"HTB",3.86085901174861,19.0886128765764,0.173608319913595,0.080028986121798,7,"G47",4,1,NA,"no",NA,NA,NA,"11:39-13:39",NA,"HT",1,32,"infected","infected",31,"",88,7
3,"HTB",3.86085901174861,19.0886128765764,0.173608319913595,0.080028986121798,7,"G6",4,0,NA,"no",NA,NA,NA,"11:39-13:39",NA,"HT",0,28.6,"infected","infected",22,"",88,7
3,"HTB",3.86085901174861,19.0886128765764,0.173608319913595,0.080028986121798,7,"G66",4,3,NA,"no",NA,NA,NA,"11:39-13:39",NA,"HT",3,36.5,"infected","infected",6,"",88,7
3,"HTB",3.86085901174861,19.0886128765764,0.173608319913595,0.080028986121798,7,"G7",4,0,NA,"no",NA,NA,NA,"11:39-13:39",NA,"HT",0,34.2,"infected","infected",2,"",88,7
3,"HTB",3.86085901174861,19.0886128765764,0.173608319913595,0.080028986121798,7,"Y13",4,0,NA,"no",NA,NA,NA,"11:39-13:39",NA,"HT",0,31.6,"infected","infected",6,"",88,7
3,"HTB",3.86085901174861,19.0886128765764,0.173608319913595,0.080028986121798,7,"Y6",4,0,NA,"no",NA,NA,NA,"11:39-13:39",NA,"HT",0,29.8,"infected","infected",12,"",88,7
3,"HTB",3.86085901174861,19.0886128765764,0.173608319913595,0.080028986121798,7,"Y94",4,0,NA,"no",NA,NA,NA,"11:39-13:39",NA,"HT",0,32.8,"infected","infected",9,"",88,7
4,"CM1",2.32229029712956,43.5476233184381,0.0545471392677883,0.0324496665335162,7,"B45",5,0,6,"yes","sustained","52,98","17,62","12:33-14:33",NA,"CM",0,32,"uninfected","uninfected",0,"",0,0
4,"CM1",2.32229029712956,43.5476233184381,0.0545471392677883,0.0324496665335162,7,"B56",5,0,6,"yes","sustained","52,98","17,62","12:33-14:33",NA,"CM",0,34.6,"uninfected","uninfected",0,"",0,0
4,"CM1",2.32229029712956,43.5476233184381,0.0545471392677883,0.0324496665335162,7,"B69",5,0,6,"yes","sustained","52,98","17,62","12:33-14:33",NA,"CM",0,31.2,"uninfected","uninfected",0,"",0,0
4,"CM1",2.32229029712956,43.5476233184381,0.0545471392677883,0.0324496665335162,7,"B71",5,0,6,"yes","sustained","52,98","17,62","12:33-14:33",NA,"CM",0,30.8,"uninfected","uninfected",0,"",0,0
4,"CM1",2.32229029712956,43.5476233184381,0.0545471392677883,0.0324496665335162,7,"B8",5,0,6,"yes","sustained","52,98","17,62","12:33-14:33",NA,"CM",0,36.1,"uninfected","uninfected",0,"",0,0
4,"CM1",2.32229029712956,43.5476233184381,0.0545471392677883,0.0324496665335162,7,"P70",5,5,6,"yes","sustained","52,98","17,62","12:33-14:33",NA,"CM",5,34,"uninfected","uninfected",0,"",0,0
4,"CM1",2.32229029712956,43.5476233184381,0.0545471392677883,0.0324496665335162,7,"P75",5,0,6,"yes","sustained","52,98","17,62","12:33-14:33",NA,"CM",0,38.8,"uninfected","uninfected",0,"",0,0
4,"CM2",6.61647328939295,69.8993766408077,0.0955732195786671,0.0670879933248496,7,"G17",8,4,32,"yes","sustained","57,14","36,6","12:33-14:33",NA,"CM",4,32,"infected","infected",12,"",114,7
4,"CM2",6.61647328939295,69.8993766408077,0.0955732195786671,0.0670879933248496,7,"G35",8,2,32,"yes","sustained","57,14","36,6","12:33-14:33",NA,"CM",2,34.2,"infected","infected",30,"",114,7
4,"CM2",6.61647328939295,69.8993766408077,0.0955732195786671,0.0670879933248496,7,"G59",8,0,32,"yes","sustained","57,14","36,6","12:33-14:33",NA,"CM",0,33,"infected","infected",26,"",114,7
4,"CM2",6.61647328939295,69.8993766408077,0.0955732195786671,0.0670879933248496,7,"G73",8,0,32,"yes","sustained","57,14","36,6","12:33-14:33",NA,"CM",0,31,"infected","infected",14,"",114,7
4,"CM2",6.61647328939295,69.8993766408077,0.0955732195786671,0.0670879933248496,7,"G80",8,0,32,"yes","sustained","57,14","36,6","12:33-14:33",NA,"CM",0,32,"infected","infected",7,"",114,7
4,"CM2",6.61647328939295,69.8993766408077,0.0955732195786671,0.0670879933248496,7,"Y43",8,2,32,"yes","sustained","57,14","36,6","12:33-14:33",NA,"CM",2,29,"infected","infected",23,"",114,7
4,"CM2",6.61647328939295,69.8993766408077,0.0955732195786671,0.0670879933248496,7,"Y53",8,0,32,"yes","sustained","57,14","36,6","12:33-14:33",NA,"CM",0,30.4,"infected","infected",2,"",114,7
4,"Control1",12.3203487133991,44.4054188943356,0.274286690937797,0.0789752044291165,7,"B41",0,0,40,"yes","sustained","67,89","124,28","12:33-14:33",NA,"Control",0,35,"uninfected","uninfected",0,"",0,0
4,"Control1",12.3203487133991,44.4054188943356,0.274286690937797,0.0789752044291165,7,"B66",0,0,40,"yes","sustained","67,89","124,28","12:33-14:33",NA,"Control",0,33.5,"uninfected","uninfected",0,"",0,0
4,"Control1",12.3203487133991,44.4054188943356,0.274286690937797,0.0789752044291165,7,"B77",0,0,40,"yes","sustained","67,89","124,28","12:33-14:33",NA,"Control",0,28.6,"uninfected","uninfected",0,"",0,0
4,"Control1",12.3203487133991,44.4054188943356,0.274286690937797,0.0789752044291165,7,"P11",0,0,40,"yes","sustained","67,89","124,28","12:33-14:33",NA,"Control",0,34,"uninfected","uninfected",0,"",0,0
4,"Control1",12.3203487133991,44.4054188943356,0.274286690937797,0.0789752044291165,7,"P15",0,0,40,"yes","sustained","67,89","124,28","12:33-14:33",NA,"Control",0,35.3,"uninfected","uninfected",0,"",0,0
4,"Control1",12.3203487133991,44.4054188943356,0.274286690937797,0.0789752044291165,7,"P45",0,0,40,"yes","sustained","67,89","124,28","12:33-14:33",NA,"Control",0,33.7,"uninfected","uninfected",0,"",0,0
4,"Control1",12.3203487133991,44.4054188943356,0.274286690937797,0.0789752044291165,7,"P61",0,0,40,"yes","sustained","67,89","124,28","12:33-14:33",NA,"Control",0,33.5,"uninfected","uninfected",0,"",0,0
4,"Control2",4.63105103379513,27.6299680060256,0.153208528757866,0.111753976607145,7,"G28",1,0,NA,"no",NA,NA,NA,"12:33-14:33",NA,"Control",0,31.1,"infected","infected",17,"",137,7
4,"Control2",4.63105103379513,27.6299680060256,0.153208528757866,0.111753976607145,7,"G63",1,0,NA,"no",NA,NA,NA,"12:33-14:33",NA,"Control",0,33.4,"infected","infected",3,"",137,7
4,"Control2",4.63105103379513,27.6299680060256,0.153208528757866,0.111753976607145,7,"G65",1,0,NA,"no",NA,NA,NA,"12:33-14:33",NA,"Control",0,31.2,"infected","infected",8,"",137,7
4,"Control2",4.63105103379513,27.6299680060256,0.153208528757866,0.111753976607145,7,"G92",1,0,NA,"no",NA,NA,NA,"12:33-14:33",NA,"Control",0,33.5,"infected","infected",70,"",137,7
4,"Control2",4.63105103379513,27.6299680060256,0.153208528757866,0.111753976607145,7,"Y23",1,0,NA,"no",NA,NA,NA,"12:33-14:33",NA,"Control",0,34.8,"infected","infected",8,"",137,7
4,"Control2",4.63105103379513,27.6299680060256,0.153208528757866,0.111753976607145,7,"Y28",1,0,NA,"no",NA,NA,NA,"12:33-14:33",NA,"Control",0,33.2,"infected","infected",4,"",137,7
4,"Control2",4.63105103379513,27.6299680060256,0.153208528757866,0.111753976607145,7,"Y72",1,1,NA,"no",NA,NA,NA,"12:33-14:33",NA,"Control",1,30.4,"infected","infected",27,"",137,7
4,"HS1",2.79793624406712,25.0387132047638,0.0939458409603174,0.0781096749846221,7,"G78",2,0,NA,"no",NA,NA,NA,"12:33-14:33",NA,"HS",0,26.4,"infected","infected",19,"",109,7
4,"HS1",2.79793624406712,25.0387132047638,0.0939458409603174,0.0781096749846221,7,"G9",2,2,NA,"no",NA,NA,NA,"12:33-14:33",NA,"HS",2,31,"infected","infected",4,"",109,7
4,"HS1",2.79793624406712,25.0387132047638,0.0939458409603174,0.0781096749846221,7,"Y24",2,0,NA,"no",NA,NA,NA,"12:33-14:33",NA,"HS",0,34.5,"infected","infected",12,"",109,7
4,"HS1",2.79793624406712,25.0387132047638,0.0939458409603174,0.0781096749846221,7,"Y25",2,0,NA,"no",NA,NA,NA,"12:33-14:33",NA,"HS",0,32.7,"infected","infected",33,"",109,7
4,"HS1",2.79793624406712,25.0387132047638,0.0939458409603174,0.0781096749846221,7,"Y29",2,0,NA,"no",NA,NA,NA,"12:33-14:33",NA,"HS",0,34.3,"infected","infected",15,"",109,7
4,"HS1",2.79793624406712,25.0387132047638,0.0939458409603174,0.0781096749846221,7,"Y64",2,0,NA,"no",NA,NA,NA,"12:33-14:33",NA,"HS",0,35.7,"infected","infected",18,"",109,7
4,"HS1",2.79793624406712,25.0387132047638,0.0939458409603174,0.0781096749846221,7,"Y76",2,0,NA,"no",NA,NA,NA,"12:33-14:33",NA,"HS",0,27.5,"infected","infected",8,"",109,7
4,"HS2",12.4943952098408,100.329820715218,0.15782182660593,0.0633630957074622,7,"B33",3,0,18,"yes","sustained","32,51","9,26","12:33-14:33",NA,"HS",0,27.3,"uninfected","uninfected",0,"",0,0
4,"HS2",12.4943952098408,100.329820715218,0.15782182660593,0.0633630957074622,7,"B53",3,1,18,"yes","sustained","32,51","9,26","12:33-14:33",NA,"HS",1,29.2,"uninfected","uninfected",0,"",0,0
4,"HS2",12.4943952098408,100.329820715218,0.15782182660593,0.0633630957074622,7,"B6",3,0,18,"yes","sustained","32,51","9,26","12:33-14:33",NA,"HS",0,36.9,"uninfected","uninfected",0,"",0,0
4,"HS2",12.4943952098408,100.329820715218,0.15782182660593,0.0633630957074622,7,"B64",3,1,18,"yes","sustained","32,51","9,26","12:33-14:33",NA,"HS",1,38.2,"uninfected","uninfected",0,"",0,0
4,"HS2",12.4943952098408,100.329820715218,0.15782182660593,0.0633630957074622,7,"B70",3,0,18,"yes","sustained","32,51","9,26","12:33-14:33",NA,"HS",0,30.9,"uninfected","uninfected",0,"",0,0
4,"HS2",12.4943952098408,100.329820715218,0.15782182660593,0.0633630957074622,7,"P32",3,1,18,"yes","sustained","32,51","9,26","12:33-14:33",NA,"HS",1,30.3,"uninfected","uninfected",0,"",0,0
4,"HS2",12.4943952098408,100.329820715218,0.15782182660593,0.0633630957074622,7,"P91",3,0,18,"yes","sustained","32,51","9,26","12:33-14:33",NA,"HS",0,38.2,"uninfected","uninfected",0,"",0,0
4,"HT1",11.941333823399,84.0001443978409,0.152914540610399,0.134936343022467,7,"G12",5,0,11,"yes","sustained","53,79","79,01","12:33-14:33",NA,"HT",0,33.4,"infected","infected",37,"",110,7
4,"HT1",11.941333823399,84.0001443978409,0.152914540610399,0.134936343022467,7,"G16",5,0,11,"yes","sustained","53,79","79,01","12:33-14:33",NA,"HT",0,33.5,"infected","infected",6,"",110,7
4,"HT1",11.941333823399,84.0001443978409,0.152914540610399,0.134936343022467,7,"G26",5,2,11,"yes","sustained","53,79","79,01","12:33-14:33",NA,"HT",2,33.6,"infected","infected",4,"",110,7
4,"HT1",11.941333823399,84.0001443978409,0.152914540610399,0.134936343022467,7,"G34",5,0,11,"yes","sustained","53,79","79,01","12:33-14:33",NA,"HT",0,26.9,"infected","infected",13,"",110,7
4,"HT1",11.941333823399,84.0001443978409,0.152914540610399,0.134936343022467,7,"G91",5,0,11,"yes","sustained","53,79","79,01","12:33-14:33",NA,"HT",0,36.6,"infected","infected",10,"",110,7
4,"HT1",11.941333823399,84.0001443978409,0.152914540610399,0.134936343022467,7,"Y56",5,2,11,"yes","sustained","53,79","79,01","12:33-14:33",NA,"HT",2,32,"infected","infected",31,"",110,7
4,"HT1",11.941333823399,84.0001443978409,0.152914540610399,0.134936343022467,7,"Y71",5,1,11,"yes","sustained","53,79","79,01","12:33-14:33",NA,"HT",1,35.8,"infected","infected",9,"",110,7
4,"HT2",16.132687586966,148.923095371748,0.099881312558379,0.073057177025861,7,"B67",24,2,9,"yes","sustained","84,48","12,29","12:33-14:33",NA,"HT",2,33.2,"uninfected","uninfected",0,"",0,0
4,"HT2",16.132687586966,148.923095371748,0.099881312558379,0.073057177025861,7,"B7",24,6,9,"yes","sustained","84,48","12,29","12:33-14:33",NA,"HT",6,28.9,"uninfected","uninfected",0,"",0,0
4,"HT2",16.132687586966,148.923095371748,0.099881312558379,0.073057177025861,7,"B78",24,3,9,"yes","sustained","84,48","12,29","12:33-14:33",NA,"HT",3,34.2,"uninfected","uninfected",0,"",0,0
4,"HT2",16.132687586966,148.923095371748,0.099881312558379,0.073057177025861,7,"P26",24,0,9,"yes","sustained","84,48","12,29","12:33-14:33",NA,"HT",0,34,"uninfected","uninfected",0,"",0,0
4,"HT2",16.132687586966,148.923095371748,0.099881312558379,0.073057177025861,7,"P8",24,3,9,"yes","sustained","84,48","12,29","12:33-14:33",NA,"HT",3,34.2,"uninfected","uninfected",0,"",0,0
4,"HT2",16.132687586966,148.923095371748,0.099881312558379,0.073057177025861,7,"P96",24,7,9,"yes","sustained","84,48","12,29","12:33-14:33",NA,"HT",7,36.2,"uninfected","uninfected",0,"",0,0
4,"HT2",16.132687586966,148.923095371748,0.099881312558379,0.073057177025861,7,"P99",24,3,9,"yes","sustained","84,48","12,29","12:33-14:33",NA,"HT",3,36.7,"uninfected","uninfected",0,"",0,0
5,"CMA",10.0458756407707,91.0735596178807,0.106509653513197,0.0877205325844413,7,"B16",11,3,14,"yes","sustained","56,3","26,21","15:28-17:28",NA,"CM",3,30.6,"uninfected","uninfected",0,"",0,0
5,"CMA",10.0458756407707,91.0735596178807,0.106509653513197,0.0877205325844413,7,"B19",11,0,14,"yes","sustained","56,3","26,21","15:28-17:28",NA,"CM",0,32.2,"uninfected","uninfected",0,"",0,0
5,"CMA",10.0458756407707,91.0735596178807,0.106509653513197,0.0877205325844413,7,"B20",11,0,14,"yes","sustained","56,3","26,21","15:28-17:28",NA,"CM",0,38.3,"uninfected","uninfected",0,"",0,0
5,"CMA",10.0458756407707,91.0735596178807,0.106509653513197,0.0877205325844413,7,"B98",11,2,14,"yes","sustained","56,3","26,21","15:28-17:28",NA,"CM",2,32.6,"uninfected","uninfected",0,"",0,0
5,"CMA",10.0458756407707,91.0735596178807,0.106509653513197,0.0877205325844413,7,"P20",11,4,14,"yes","sustained","56,3","26,21","15:28-17:28",NA,"CM",4,27.7,"uninfected","uninfected",0,"",0,0
5,"CMA",10.0458756407707,91.0735596178807,0.106509653513197,0.0877205325844413,7,"P24",11,0,14,"yes","sustained","56,3","26,21","15:28-17:28",NA,"CM",0,35.9,"uninfected","uninfected",0,"",0,0
5,"CMA",10.0458756407707,91.0735596178807,0.106509653513197,0.0877205325844413,7,"P67",11,2,14,"yes","sustained","56,3","26,21","15:28-17:28",NA,"CM",2,32.9,"uninfected","uninfected",0,"",0,0
5,"CMB",11.6530565389378,51.2550302470689,0.19950740856675,0.152833639286942,7,"G24",0,0,45,"yes","sustained","74,1","141","15:28-17:28",NA,"CM",0,35,"infected","infected",14,"",84,6
5,"CMB",11.6530565389378,51.2550302470689,0.19950740856675,0.152833639286942,7,"G36",0,0,45,"yes","sustained","74,1","141","15:28-17:28",NA,"CM",0,30,"infected","infected",NA,"Died during dissection; parasite load could not be determined.",84,6
5,"CMB",11.6530565389378,51.2550302470689,0.19950740856675,0.152833639286942,7,"G70",0,0,45,"yes","sustained","74,1","141","15:28-17:28",NA,"CM",0,30,"infected","infected",8,"",84,6
5,"CMB",11.6530565389378,51.2550302470689,0.19950740856675,0.152833639286942,7,"G99",0,0,45,"yes","sustained","74,1","141","15:28-17:28",NA,"CM",0,39,"infected","infected",17,"",84,6
5,"CMB",11.6530565389378,51.2550302470689,0.19950740856675,0.152833639286942,7,"Y60",0,0,45,"yes","sustained","74,1","141","15:28-17:28",NA,"CM",0,27,"infected","infected",5,"",84,6
5,"CMB",11.6530565389378,51.2550302470689,0.19950740856675,0.152833639286942,7,"Y82",0,0,45,"yes","sustained","74,1","141","15:28-17:28",NA,"CM",0,32.4,"infected","infected",13,"",84,6
5,"CMB",11.6530565389378,51.2550302470689,0.19950740856675,0.152833639286942,7,"Y83",0,0,45,"yes","sustained","74,1","141","15:28-17:28",NA,"CM",0,33.2,"infected","infected",27,"",84,6
5,"ControlA",13.9501315286175,100.720441222034,0.122564795883247,0.116704572053201,7,"G11",1,0,20,"yes","sustained","35,14","12,47","15:28-17:28",NA,"Control",0,32,"infected","infected",1,"",57,7
5,"ControlA",13.9501315286175,100.720441222034,0.122564795883247,0.116704572053201,7,"G20",1,0,20,"yes","sustained","35,14","12,47","15:28-17:28",NA,"Control",0,36,"infected","infected",21,"",57,7
5,"ControlA",13.9501315286175,100.720441222034,0.122564795883247,0.116704572053201,7,"G90",1,0,20,"yes","sustained","35,14","12,47","15:28-17:28",NA,"Control",0,28.3,"infected","infected",10,"",57,7
5,"ControlA",13.9501315286175,100.720441222034,0.122564795883247,0.116704572053201,7,"G96",1,0,20,"yes","sustained","35,14","12,47","15:28-17:28",NA,"Control",0,37,"infected","infected",8,"",57,7
5,"ControlA",13.9501315286175,100.720441222034,0.122564795883247,0.116704572053201,7,"Y51",1,1,20,"yes","sustained","35,14","12,47","15:28-17:28",NA,"Control",1,34,"infected","infected",4,"",57,7
5,"ControlA",13.9501315286175,100.720441222034,0.122564795883247,0.116704572053201,7,"Y69",1,0,20,"yes","sustained","35,14","12,47","15:28-17:28",NA,"Control",0,33.5,"infected","infected",11,"",57,7
5,"ControlA",13.9501315286175,100.720441222034,0.122564795883247,0.116704572053201,7,"Y93",1,0,20,"yes","sustained","35,14","12,47","15:28-17:28",NA,"Control",0,32.3,"infected","infected",2,"",57,7
5,"ControlB",2.34656061820926,19.4615097136322,0.12871164685308,0.0539000984900469,7,"B39",0,0,NA,"no",NA,NA,NA,"15:28-17:28",NA,"Control",0,31.9,"uninfected","uninfected",0,"",0,0
5,"ControlB",2.34656061820926,19.4615097136322,0.12871164685308,0.0539000984900469,7,"P25",0,0,NA,"no",NA,NA,NA,"15:28-17:28",NA,"Control",0,34.4,"uninfected","uninfected",0,"",0,0
5,"ControlB",2.34656061820926,19.4615097136322,0.12871164685308,0.0539000984900469,7,"P3",0,0,NA,"no",NA,NA,NA,"15:28-17:28",NA,"Control",0,34.4,"uninfected","uninfected",0,"",0,0
5,"ControlB",2.34656061820926,19.4615097136322,0.12871164685308,0.0539000984900469,7,"P30",0,0,NA,"no",NA,NA,NA,"15:28-17:28",NA,"Control",0,38,"uninfected","uninfected",0,"",0,0
5,"ControlB",2.34656061820926,19.4615097136322,0.12871164685308,0.0539000984900469,7,"P37",0,0,NA,"no",NA,NA,NA,"15:28-17:28",NA,"Control",0,33,"uninfected","uninfected",0,"",0,0
5,"ControlB",2.34656061820926,19.4615097136322,0.12871164685308,0.0539000984900469,7,"P43",0,0,NA,"no",NA,NA,NA,"15:28-17:28",NA,"Control",0,30.8,"uninfected","uninfected",0,"",0,0
5,"ControlB",2.34656061820926,19.4615097136322,0.12871164685308,0.0539000984900469,7,"P55",0,0,NA,"no",NA,NA,NA,"15:28-17:28",NA,"Control",0,31.8,"uninfected","uninfected",0,"",0,0
5,"HSA",18.9189679555926,117.080179264925,0.139806989266002,0.0892879474571471,7,"B34",5,1,23,"yes","sustained","57,14","22,46","15:28-17:28",NA,"HS",1,33.5,"uninfected","uninfected",0,"",0,0
5,"HSA",18.9189679555926,117.080179264925,0.139806989266002,0.0892879474571471,7,"B51",5,1,23,"yes","sustained","57,14","22,46","15:28-17:28",NA,"HS",1,34.9,"uninfected","uninfected",0,"",0,0
5,"HSA",18.9189679555926,117.080179264925,0.139806989266002,0.0892879474571471,7,"B73",5,0,23,"yes","sustained","57,14","22,46","15:28-17:28",NA,"HS",0,34.4,"uninfected","uninfected",0,"",0,0
5,"HSA",18.9189679555926,117.080179264925,0.139806989266002,0.0892879474571471,7,"P16",5,1,23,"yes","sustained","57,14","22,46","15:28-17:28",NA,"HS",1,35,"uninfected","uninfected",0,"",0,0
5,"HSA",18.9189679555926,117.080179264925,0.139806989266002,0.0892879474571471,7,"P29",5,0,23,"yes","sustained","57,14","22,46","15:28-17:28",NA,"HS",0,34.1,"uninfected","uninfected",0,"",0,0
5,"HSA",18.9189679555926,117.080179264925,0.139806989266002,0.0892879474571471,7,"P4",5,0,23,"yes","sustained","57,14","22,46","15:28-17:28",NA,"HS",0,28.9,"uninfected","uninfected",0,"",0,0
5,"HSA",18.9189679555926,117.080179264925,0.139806989266002,0.0892879474571471,7,"P71",5,2,23,"yes","sustained","57,14","22,46","15:28-17:28",NA,"HS",2,36.4,"uninfected","uninfected",0,"",0,0
5,"HSB",11.0547561680142,91.7071993046829,0.135039945272464,0.0385228333940631,7,"G79",3,1,52,"yes","transient",NA,NA,"15:28-17:28",NA,"HS",1,36.3,"infected","infected",9,"",135,7
5,"HSB",11.0547561680142,91.7071993046829,0.135039945272464,0.0385228333940631,7,"G83",3,0,52,"yes","transient",NA,NA,"15:28-17:28",NA,"HS",0,34,"infected","infected",6,"",135,7
5,"HSB",11.0547561680142,91.7071993046829,0.135039945272464,0.0385228333940631,7,"G88",3,0,52,"yes","transient",NA,NA,"15:28-17:28",NA,"HS",0,34.6,"infected","infected",12,"",135,7
5,"HSB",11.0547561680142,91.7071993046829,0.135039945272464,0.0385228333940631,7,"Y22",3,1,52,"yes","transient",NA,NA,"15:28-17:28",NA,"HS",1,35,"infected","infected",57,"",135,7
5,"HSB",11.0547561680142,91.7071993046829,0.135039945272464,0.0385228333940631,7,"Y57",3,0,52,"yes","transient",NA,NA,"15:28-17:28",NA,"HS",0,33,"infected","infected",12,"",135,7
5,"HSB",11.0547561680142,91.7071993046829,0.135039945272464,0.0385228333940631,7,"Y86",3,0,52,"yes","transient",NA,NA,"15:28-17:28",NA,"HS",0,28.1,"infected","infected",33,"",135,7
5,"HSB",11.0547561680142,91.7071993046829,0.135039945272464,0.0385228333940631,7,"Y90",3,1,52,"yes","transient",NA,NA,"15:28-17:28",NA,"HS",1,38.1,"infected","infected",6,"",135,7
5,"HTA",17.0988309046012,127.173734009481,0.14562726946629,0.065986072530732,7,"G23",8,0,23,"yes","sustained","71,79","41,74","15:28-17:28",NA,"HT",0,30,"infected","infected",23,"",87,6
5,"HTA",17.0988309046012,127.173734009481,0.14562726946629,0.065986072530732,7,"G44",8,1,23,"yes","sustained","71,79","41,74","15:28-17:28",NA,"HT",1,34.4,"infected","uninfected",0,"",87,6
5,"HTA",17.0988309046012,127.173734009481,0.14562726946629,0.065986072530732,7,"G58",8,0,23,"yes","sustained","71,79","41,74","15:28-17:28",NA,"HT",0,33.5,"infected","infected",10,"",87,6
5,"HTA",17.0988309046012,127.173734009481,0.14562726946629,0.065986072530732,7,"G77",8,0,23,"yes","sustained","71,79","41,74","15:28-17:28",NA,"HT",0,33.2,"infected","infected",33,"",87,6
5,"HTA",17.0988309046012,127.173734009481,0.14562726946629,0.065986072530732,7,"G84",8,3,23,"yes","sustained","71,79","41,74","15:28-17:28",NA,"HT",3,33.3,"infected","infected",13,"",87,6
5,"HTA",17.0988309046012,127.173734009481,0.14562726946629,0.065986072530732,7,"Y37",8,2,23,"yes","sustained","71,79","41,74","15:28-17:28",NA,"HT",2,28.9,"infected","infected",2,"",87,6
5,"HTA",17.0988309046012,127.173734009481,0.14562726946629,0.065986072530732,7,"Y41",8,2,23,"yes","sustained","71,79","41,74","15:28-17:28",NA,"HT",2,30,"infected","infected",6,"",87,6
5,"HTB",12.4612276821636,54.8218148744821,0.204206045906241,0.0769025940119539,7,"B4",4,0,17,"yes","sustained","36,4","19,57","15:28-17:28",NA,"HT",0,35.4,"uninfected","uninfected",0,"",0,0
5,"HTB",12.4612276821636,54.8218148744821,0.204206045906241,0.0769025940119539,7,"B50",4,3,17,"yes","sustained","36,4","19,57","15:28-17:28",NA,"HT",3,33.9,"uninfected","uninfected",0,"",0,0
5,"HTB",12.4612276821636,54.8218148744821,0.204206045906241,0.0769025940119539,7,"B57",4,0,17,"yes","sustained","36,4","19,57","15:28-17:28",NA,"HT",0,36.1,"uninfected","uninfected",0,"",0,0
5,"HTB",12.4612276821636,54.8218148744821,0.204206045906241,0.0769025940119539,7,"B76",4,0,17,"yes","sustained","36,4","19,57","15:28-17:28",NA,"HT",0,30,"uninfected","uninfected",0,"",0,0
5,"HTB",12.4612276821636,54.8218148744821,0.204206045906241,0.0769025940119539,7,"B84",4,1,17,"yes","sustained","36,4","19,57","15:28-17:28",NA,"HT",1,34.4,"uninfected","uninfected",0,"",0,0
5,"HTB",12.4612276821636,54.8218148744821,0.204206045906241,0.0769025940119539,7,"P5",4,0,17,"yes","sustained","36,4","19,57","15:28-17:28",NA,"HT",0,33.5,"uninfected","uninfected",0,"",0,0
5,"HTB",12.4612276821636,54.8218148744821,0.204206045906241,0.0769025940119539,7,"P90",4,0,17,"yes","sustained","36,4","19,57","15:28-17:28",NA,"HT",0,35.7,"uninfected","uninfected",0,"",0,0
6,"CM1",6.7036637994649,33.258040476385,0.211534944126565,0.115138240685017,7,"G1",6,0,31,"yes","transient",NA,NA,"16:05-18:05",NA,"CM",0,35.9,"infected","infected",3,"",165,7
6,"CM1",6.7036637994649,33.258040476385,0.211534944126565,0.115138240685017,7,"G72",6,0,31,"yes","transient",NA,NA,"16:05-18:05",NA,"CM",0,33.3,"infected","infected",14,"",165,7
6,"CM1",6.7036637994649,33.258040476385,0.211534944126565,0.115138240685017,7,"Y19",6,3,31,"yes","transient",NA,NA,"16:05-18:05",NA,"CM",3,32.8,"infected","infected",31,"",165,7
6,"CM1",6.7036637994649,33.258040476385,0.211534944126565,0.115138240685017,7,"Y32",6,3,31,"yes","transient",NA,NA,"16:05-18:05",NA,"CM",3,31.8,"infected","infected",8,"",165,7
6,"CM1",6.7036637994649,33.258040476385,0.211534944126565,0.115138240685017,7,"Y36",6,0,31,"yes","transient",NA,NA,"16:05-18:05",NA,"CM",0,31.1,"infected","infected",4,"",165,7
6,"CM1",6.7036637994649,33.258040476385,0.211534944126565,0.115138240685017,7,"Y62",6,0,31,"yes","transient",NA,NA,"16:05-18:05",NA,"CM",0,30,"infected","infected",9,"",165,7
6,"CM1",6.7036637994649,33.258040476385,0.211534944126565,0.115138240685017,7,"Y67",6,0,31,"yes","transient",NA,NA,"16:05-18:05",NA,"CM",0,31.7,"infected","infected",96,"",165,7
6,"CM2",24.6396010302144,230.488573479335,0.114857044726846,0.0856568449853432,7,"B21",18,3,13,"yes","sustained","90,22","15,75","16:05-18:05",NA,"CM",3,32.1,"uninfected","uninfected",0,"",0,0
6,"CM2",24.6396010302144,230.488573479335,0.114857044726846,0.0856568449853432,7,"B40",18,0,13,"yes","sustained","90,22","15,75","16:05-18:05",NA,"CM",0,29.6,"uninfected","uninfected",0,"",0,0
6,"CM2",24.6396010302144,230.488573479335,0.114857044726846,0.0856568449853432,7,"B58",18,6,13,"yes","sustained","90,22","15,75","16:05-18:05",NA,"CM",6,36,"uninfected","uninfected",0,"",0,0
6,"CM2",24.6396010302144,230.488573479335,0.114857044726846,0.0856568449853432,7,"B79",18,0,13,"yes","sustained","90,22","15,75","16:05-18:05",NA,"CM",0,30.2,"uninfected","uninfected",0,"",0,0
6,"CM2",24.6396010302144,230.488573479335,0.114857044726846,0.0856568449853432,7,"B92",18,6,13,"yes","sustained","90,22","15,75","16:05-18:05",NA,"CM",6,36.8,"uninfected","uninfected",0,"",0,0
6,"CM2",24.6396010302144,230.488573479335,0.114857044726846,0.0856568449853432,7,"P44",18,0,13,"yes","sustained","90,22","15,75","16:05-18:05",NA,"CM",0,33.4,"uninfected","uninfected",0,"",0,0
6,"CM2",24.6396010302144,230.488573479335,0.114857044726846,0.0856568449853432,7,"P76",18,3,13,"yes","sustained","90,22","15,75","16:05-18:05",NA,"CM",3,38.8,"uninfected","uninfected",0,"",0,0
6,"Control1",6.6186606792902,69.4418943200535,0.129303139429737,0.0723635615032889,7,"G33",5,0,46,"yes","transient",NA,NA,"16:05-18:05",NA,"Control",0,28.1,"infected","infected",28,"",206,7
6,"Control1",6.6186606792902,69.4418943200535,0.129303139429737,0.0723635615032889,7,"G54",5,0,46,"yes","transient",NA,NA,"16:05-18:05",NA,"Control",0,31,"infected","infected",6,"",206,7
6,"Control1",6.6186606792902,69.4418943200535,0.129303139429737,0.0723635615032889,7,"G55",5,0,46,"yes","transient",NA,NA,"16:05-18:05",NA,"Control",0,37,"infected","infected",11,"",206,7
6,"Control1",6.6186606792902,69.4418943200535,0.129303139429737,0.0723635615032889,7,"Y33",5,3,46,"yes","transient",NA,NA,"16:05-18:05",NA,"Control",3,28.4,"infected","infected",21,"",206,7
6,"Control1",6.6186606792902,69.4418943200535,0.129303139429737,0.0723635615032889,7,"Y34",5,0,46,"yes","transient",NA,NA,"16:05-18:05",NA,"Control",0,31.2,"infected","infected",120,"",206,7
6,"Control1",6.6186606792902,69.4418943200535,0.129303139429737,0.0723635615032889,7,"Y6",5,1,46,"yes","transient",NA,NA,"16:05-18:05",NA,"Control",1,29.8,"infected","infected",12,"",206,7
6,"Control1",6.6186606792902,69.4418943200535,0.129303139429737,0.0723635615032889,7,"Y63",5,1,46,"yes","transient",NA,NA,"16:05-18:05",NA,"Control",1,30.6,"infected","infected",8,"",206,7
6,"Control2",4.43079110672365,26.607296543581,0.180879656570435,0.125591139606203,7,"B38",2,0,22,"yes","transient",NA,NA,"16:05-18:05",NA,"Control",0,30.9,"uninfected","uninfected",0,"",0,0
6,"Control2",4.43079110672365,26.607296543581,0.180879656570435,0.125591139606203,7,"B42",2,0,22,"yes","transient",NA,NA,"16:05-18:05",NA,"Control",0,27.2,"uninfected","uninfected",0,"",0,0
6,"Control2",4.43079110672365,26.607296543581,0.180879656570435,0.125591139606203,7,"B63",2,0,22,"yes","transient",NA,NA,"16:05-18:05",NA,"Control",0,34.8,"uninfected","uninfected",0,"",0,0
6,"Control2",4.43079110672365,26.607296543581,0.180879656570435,0.125591139606203,7,"B81",2,0,22,"yes","transient",NA,NA,"16:05-18:05",NA,"Control",0,33.4,"uninfected","uninfected",0,"",0,0
6,"Control2",4.43079110672365,26.607296543581,0.180879656570435,0.125591139606203,7,"P21",2,2,22,"yes","transient",NA,NA,"16:05-18:05",NA,"Control",2,34.8,"uninfected","uninfected",0,"",0,0
6,"Control2",4.43079110672365,26.607296543581,0.180879656570435,0.125591139606203,7,"P56",2,0,22,"yes","transient",NA,NA,"16:05-18:05",NA,"Control",0,28.4,"uninfected","uninfected",0,"",0,0
6,"Control2",4.43079110672365,26.607296543581,0.180879656570435,0.125591139606203,7,"P65",2,0,22,"yes","transient",NA,NA,"16:05-18:05",NA,"Control",0,32,"uninfected","uninfected",0,"",0,0
6,"HS1",16.9065746335434,122.342462553937,0.167313323862537,0.0845282994729053,7,"B55",5,0,32,"yes","sustained","107,55","76,28","16:05-18:05",NA,"HS",0,33.6,"uninfected","uninfected",0,"",0,0
6,"HS1",16.9065746335434,122.342462553937,0.167313323862537,0.0845282994729053,7,"B59",5,0,32,"yes","sustained","107,55","76,28","16:05-18:05",NA,"HS",0,30,"uninfected","uninfected",0,"",0,0
6,"HS1",16.9065746335434,122.342462553937,0.167313323862537,0.0845282994729053,7,"B83",5,0,32,"yes","sustained","107,55","76,28","16:05-18:05",NA,"HS",0,30.9,"uninfected","uninfected",0,"",0,0
6,"HS1",16.9065746335434,122.342462553937,0.167313323862537,0.0845282994729053,7,"B95",5,0,32,"yes","sustained","107,55","76,28","16:05-18:05",NA,"HS",0,31.1,"uninfected","uninfected",0,"",0,0
6,"HS1",16.9065746335434,122.342462553937,0.167313323862537,0.0845282994729053,7,"P31",5,2,32,"yes","sustained","107,55","76,28","16:05-18:05",NA,"HS",2,33,"uninfected","uninfected",0,"",0,0
6,"HS1",16.9065746335434,122.342462553937,0.167313323862537,0.0845282994729053,7,"P63",5,3,32,"yes","sustained","107,55","76,28","16:05-18:05",NA,"HS",3,29.3,"uninfected","uninfected",0,"",0,0
6,"HS1",16.9065746335434,122.342462553937,0.167313323862537,0.0845282994729053,7,"P81",5,0,32,"yes","sustained","107,55","76,28","16:05-18:05",NA,"HS",0,36,"uninfected","uninfected",0,"",0,0
6,"HS2",7.92427146831942,60.2109866235048,0.257033367351052,0.233114886297487,7,"G14",10,0,23,"yes","transient",NA,NA,"16:05-18:05",NA,"HS",0,34.1,"infected","infected",2,"",85,7
6,"HS2",7.92427146831942,60.2109866235048,0.257033367351052,0.233114886297487,7,"G39",10,3,23,"yes","transient",NA,NA,"16:05-18:05",NA,"HS",3,31,"infected","infected",13,"",85,7
6,"HS2",7.92427146831942,60.2109866235048,0.257033367351052,0.233114886297487,7,"G94",10,1,23,"yes","transient",NA,NA,"16:05-18:05",NA,"HS",1,34,"infected","infected",19,"",85,7
6,"HS2",7.92427146831942,60.2109866235048,0.257033367351052,0.233114886297487,7,"Y35",10,0,23,"yes","transient",NA,NA,"16:05-18:05",NA,"HS",0,31.2,"infected","infected",12,"",85,7
6,"HS2",7.92427146831942,60.2109866235048,0.257033367351052,0.233114886297487,7,"Y65",10,0,23,"yes","transient",NA,NA,"16:05-18:05",NA,"HS",0,32.6,"infected","infected",15,"",85,7
6,"HS2",7.92427146831942,60.2109866235048,0.257033367351052,0.233114886297487,7,"Y74",10,6,23,"yes","transient",NA,NA,"16:05-18:05",NA,"HS",6,32.4,"infected","infected",21,"",85,7
6,"HS2",7.92427146831942,60.2109866235048,0.257033367351052,0.233114886297487,7,"Y78",10,0,23,"yes","transient",NA,NA,"16:05-18:05",NA,"HS",0,29.2,"infected","infected",3,"",85,7
6,"HT1",24.1075219888791,116.350171103725,0.330200857403436,0.233298596330332,7,"G27",6,0,34,"yes","sustained","119,29","96,29","16:05-18:05",NA,"HT",0,28.1,"infected","infected",7,"",135,7
6,"HT1",24.1075219888791,116.350171103725,0.330200857403436,0.233298596330332,7,"G46",6,0,34,"yes","sustained","119,29","96,29","16:05-18:05",NA,"HT",0,28.3,"infected","infected",100,"",135,7
6,"HT1",24.1075219888791,116.350171103725,0.330200857403436,0.233298596330332,7,"G68",6,0,34,"yes","sustained","119,29","96,29","16:05-18:05",NA,"HT",0,32.1,"infected","infected",4,"",135,7
6,"HT1",24.1075219888791,116.350171103725,0.330200857403436,0.233298596330332,7,"Y16",6,0,34,"yes","sustained","119,29","96,29","16:05-18:05",NA,"HT",0,34.7,"infected","infected",2,"",135,7
6,"HT1",24.1075219888791,116.350171103725,0.330200857403436,0.233298596330332,7,"Y45",6,0,34,"yes","sustained","119,29","96,29","16:05-18:05",NA,"HT",0,32,"infected","infected",3,"",135,7
6,"HT1",24.1075219888791,116.350171103725,0.330200857403436,0.233298596330332,7,"Y68",6,1,34,"yes","sustained","119,29","96,29","16:05-18:05",NA,"HT",1,36,"infected","infected",10,"",135,7
6,"HT1",24.1075219888791,116.350171103725,0.330200857403436,0.233298596330332,7,"Y7",6,5,34,"yes","sustained","119,29","96,29","16:05-18:05",NA,"HT",5,31.2,"infected","infected",9,"",135,7
6,"HT2",14.21144173889,106.75048740654,0.233002948935362,0.202930138149744,7,"B31",15,2,11,"yes","sustained","90,22","52,55","16:05-18:05",NA,"HT",2,30.2,"uninfected","uninfected",0,"",0,0
6,"HT2",14.21144173889,106.75048740654,0.233002948935362,0.202930138149744,7,"B60",15,2,11,"yes","sustained","90,22","52,55","16:05-18:05",NA,"HT",2,32.1,"uninfected","uninfected",0,"",0,0
6,"HT2",14.21144173889,106.75048740654,0.233002948935362,0.202930138149744,7,"B85",15,3,11,"yes","sustained","90,22","52,55","16:05-18:05",NA,"HT",3,31.6,"uninfected","uninfected",0,"",0,0
6,"HT2",14.21144173889,106.75048740654,0.233002948935362,0.202930138149744,7,"P62",15,3,11,"yes","sustained","90,22","52,55","16:05-18:05",NA,"HT",3,34,"uninfected","uninfected",0,"",0,0
6,"HT2",14.21144173889,106.75048740654,0.233002948935362,0.202930138149744,7,"P64",15,3,11,"yes","sustained","90,22","52,55","16:05-18:05",NA,"HT",3,30.6,"uninfected","uninfected",0,"",0,0
6,"HT2",14.21144173889,106.75048740654,0.233002948935362,0.202930138149744,7,"P94",15,2,11,"yes","sustained","90,22","52,55","16:05-18:05",NA,"HT",2,41,"uninfected","uninfected",0,"",0,0
6,"HT2",14.21144173889,106.75048740654,0.233002948935362,0.202930138149744,7,"P97",15,0,11,"yes","sustained","90,22","52,55","16:05-18:05",NA,"HT",0,38.8,"uninfected","uninfected",0,"",0,0
