Video;Arena;Sequence;Individual;Beginning_seq;End_seq;Prop_time_lost;Smoothing_filter_window;Smoothing_Polyorder;Moving_threshold;Prop_time_moving;Average_Speed;Average_Speed_Moving;Traveled_Dist;Meander;Traveled_Dist_Moving;Meander_moving;Exploration_absolute_value;Exploration_relative_value;Exploration_method;Exploration_area;Exploration_aspect_param;Mean_nb_neighbours;Prop_time_with_at_least_one_neighbour;Mean_shortest_interind_distance;Mean_sum_interind_distances
20250701_151554_1_stabilized_1A.avi;0;General;1A_Control2_6;0.0;4.0;0.0;0;0;0;1.0;0.18548249279234033;0.1854824927923403;0.74188051246853;60415.91307305963;0.74188051246853;60415.91307305962;1.2801708793164828;0.00692785475394171;Modern;1;NA;0.0;0.0;4.431210522371361;41.58587479044449
20250701_151554_1_stabilized_1A.avi;0;General;1A_Control2_1;0.0;4.0;0.0;0;0;0;1.0;0.09252556529480663;0.09252556529480663;0.3700775893399372;60639.22546015151;0.3700775893399372;60639.225460151516;1.1420434318262727;0.00618035540896691;Modern;1;NA;0.0;0.0;4.452835989935405;41.38146322427855
20250701_151554_1_stabilized_1A.avi;0;General;1A_Control2_2;0.0;4.0;0.0;0;0;0;1.0;0.16570665865674097;0.16570665865674097;0.6627824491303551;67006.8074696909;0.6627824491303552;67006.80746969092;1.4339622641509435;0.007760122065872416;Modern;1;NA;0.0;0.0;4.5771411047483594;41.541492794402
20250701_151554_1_stabilized_1A.avi;0;General;1A_Control2_4;0.0;4.0;0.0;0;0;0;0.9916666666666667;0.07553213815266786;0.07616686200269028;0.3021084120498681;60424.67320012757;0.3021084120498681;60424.673200127574;1.1164115343538628;0.006041644190311792;Modern;1;NA;0.0;0.0;4.12379773667016;40.453695668333246
20250701_151554_1_stabilized_1A.avi;0;General;1A_Control2_7;0.0;4.0;0.0;0;0;0;1.0;0.8237442404415882;0.8237442404415882;3.2947573112789343;7520.216851388075;3.2947573112789343;7520.216851388074;2.689925240299039;0.014556971779973182;Modern;1;NA;0.0;0.0;4.449687027702978;29.234220271563235
20250701_151554_1_stabilized_1A.avi;0;General;1A_Control2_5;0.0;4.0;0.0;0;0;0;1.0;0.8216950159065767;0.8216950159065768;3.286560959562336;11787.876494008873;3.286560959562336;11787.876494008873;2.4563901744393024;0.013293158454448777;Modern;1;NA;0.0;0.0;4.431210522371361;39.71614567029248
20250701_151554_1_stabilized_1A.avi;0;General;1A_Control2_3;0.0;4.0;0.0;0;0;0;1.0;1.269324264587795;1.269324264587795;5.076958594444884;25670.924565275316;5.076958594444884;25670.924565275316;3.112851548593806;0.016845706887782624;Modern;1;NA;0.0;0.0;4.123869485945922;41.81617956255542
20250701_151554_1_stabilized_1A.avi;1;General;1A_CM2_3;0.0;4.0;0.0;0;0;0;1.0;1.085116201580242;1.085116201580242;4.340175461290214;26386.380202895496;4.340175461290214;26386.3802028955;3.1883232467070135;0.01857752111647666;Modern;1;NA;0.0;0.0;4.803756239381842;41.231116866625264
20250701_151554_1_stabilized_1A.avi;1;General;1A_CM2_6;0.0;4.0;0.0;0;0;0;1.0;7.680287389494437;7.680287389494437;30.719101617869892;2260.141196548134;30.719101617869885;2260.141196548134;10.630117479530082;0.061938899122151975;Modern;1;NA;0.0;0.0;2.6938946114865416;35.00028125377922
20250701_151554_1_stabilized_1A.avi;1;General;1A_CM2_7;0.0;4.0;0.0;0;0;0;1.0;5.548818765005861;5.548818765005861;22.193795473658533;20094.148438592343;22.193795473658533;20094.148438592343;7.467426130295479;0.04351072833175686;Modern;1;NA;0.0;0.0;2.177814466332275;26.57987860471135
20250701_151554_1_stabilized_1A.avi;1;General;1A_CM2_2;0.0;4.0;0.0;0;0;0;0.9833333333333333;0.9323750529243013;0.9481780199230184;3.7292515949242095;56544.27262573076;3.72925159492421;56544.272625730744;3.8661445354218587;0.022527007517299746;Modern;1;NA;0.0;0.0;4.625607099984383;42.54914747057918
20250701_151554_1_stabilized_1A.avi;1;General;1A_CM2_5;0.0;4.0;0.0;0;0;0;0.9833333333333333;5.9512494296198915;6.052118064020228;23.803410824424603;1708.1326167168074;23.803410824424603;1708.1326167168074;9.727305090779637;0.05667844874794643;Modern;1;NA;0.0;0.0;1.462310372581722;28.93127217597536
20250701_151554_1_stabilized_1A.avi;1;General;1A_CM2_1;0.0;4.0;0.0;0;0;0;1.0;8.002471234873234;8.002471234873234;32.0077510894203;3168.395233994704;32.0077510894203;3168.395233994704;14.504805980776078;0.0845156900814789;Modern;1;NA;0.0;0.0;2.8433914560816693;42.13748282579378
20250701_151554_1_stabilized_1A.avi;1;General;1A_CM2_4;0.0;4.0;0.0;0;0;0;0.8083333333333333;4.707139405498774;5.823265243916008;18.827302468497194;3727.631254334481;18.827302468497198;3727.6312543344807;5.07938768244927;0.029596256285159557;Modern;1;NA;0.0;0.0;1.750339938084327;35.01866879325528
20250701_151554_1_stabilized_1A.avi;2;General;1A_HT2_4;0.0;4.0;0.0;0;0;0;1.0;8.64010036162929;8.640100361629289;34.558097573345606;694.0654108137925;34.5580975733456;694.0654108137924;9.127803488786045;0.05347638195985517;Modern;1;NA;0.0;0.0;1.7343675282883906;32.990636194883685
20250701_151554_1_stabilized_1A.avi;2;General;1A_HT2_7;0.0;4.0;0.0;0;0;0;1.0;0.7444993567071619;0.744499356707162;2.977798906901522;30139.756817253012;2.9777989069015214;30139.756817253012;3.1342114631541476;0.018362171091051673;Modern;1;NA;0.0;0.0;1.7282384526561714;30.897092399802723
20250701_151554_1_stabilized_1A.avi;2;General;1A_HT2_1;0.0;4.0;0.0;0;0;0;1.0;1.2760709807969517;1.2760709807969515;5.10394366027712;15997.618568271026;5.10394366027712;15997.618568271026;4.004271982912068;0.02345952980828592;Modern;1;NA;0.0;0.0;4.959715222722717;43.85243043525762
20250701_151554_1_stabilized_1A.avi;2;General;1A_HT2_3;0.0;4.0;0.0;0;0;0;0.9916666666666667;5.339784230323455;5.384656366712727;21.357713073755573;5490.826641694631;21.357713073755576;5490.826641694632;2.7953008187967248;0.016376620559624914;Modern;1;NA;0.0;0.0;3.7699032496626765;41.992977317893164
20250701_151554_1_stabilized_1A.avi;2;General;1A_HT2_5;0.0;4.0;0.0;0;0;0;1.0;0.3528846667829845;0.3528846667829845;1.411444570827216;65696.83495452745;1.411444570827216;65696.83495452745;1.965112139551442;0.011512856022558523;Modern;1;NA;0.0;0.0;4.896474203432206;47.106052817698206
20250701_151554_1_stabilized_1A.avi;2;General;1A_HT2_6;0.0;4.0;0.0;0;0;0;1.0;0.3397839757988304;0.3397839757988303;1.3590453001753093;29331.986110344755;1.3590453001753096;29331.986110344755;1.6247775008899965;0.009518962841840055;Modern;1;NA;0.0;0.0;4.912761610542625;42.3484465342484
20250701_151554_1_stabilized_1A.avi;2;General;1A_HT2_2;0.0;4.0;0.0;0;0;0;1.0;0.5237573224226908;0.5237573224226909;2.094889630382071;51958.471684596945;2.094889630382071;51958.471684596945;2.3823424706301175;0.013957252265029283;Modern;1;NA;0.0;0.0;4.50668813921303;45.44774758165203
20250701_151554_1_stabilized_1A.avi;3;General;1A_HS2_5;0.0;4.0;0.0;0;0;0;0.9916666666666667;10.408082059421902;10.49554493387083;41.62955293415867;1017.9314892110376;41.62955293415867;1017.9314892110374;27.700961196155216;0.16562510642645506;Modern;1;NA;0.0;0.0;2.482083978284313;34.988007218453774
20250701_151554_1_stabilized_1A.avi;3;General;1A_HS2_7;0.0;4.0;0.0;0;0;0;1.0;7.393111388024818;7.393111388024818;29.57047418715346;8299.825387482875;29.570474187153465;8299.825387482875;6.073335706657174;0.03631270646732282;Modern;1;NA;0.0;0.0;3.3795464159407325;30.84588944966376
20250701_151554_1_stabilized_1A.avi;3;General;1A_HS2_6;0.0;4.0;0.0;0;0;0;1.0;0.2255788769694553;0.2255788769694553;0.9022553575206531;58979.90239563632;0.9022553575206531;58979.902395636316;1.4510501957992168;0.00867588461669448;Modern;1;NA;0.0;0.0;4.902904468128853;48.04092019256876
20250701_151554_1_stabilized_1A.avi;3;General;1A_HS2_3;0.0;4.0;0.0;0;0;0;0.9916666666666667;3.7237149855929705;3.755006708160978;14.893867017904022;16482.115003948602;14.893867017904022;16482.115003948602;5.133499466002136;0.030693389640023157;Modern;1;NA;0.0;0.0;1.9095315513670554;36.580527061122595
20250701_151554_1_stabilized_1A.avi;3;General;1A_HS2_2;0.0;4.0;0.0;0;0;0;0.9916666666666667;6.313618188526722;6.366673803556358;25.25278923482457;4256.345456669606;25.252789234824565;4256.345456669606;8.252046991812033;0.04933930456697204;Modern;1;NA;0.0;0.0;1.975684300264192;35.93295570206959
20250701_151554_1_stabilized_1A.avi;3;General;1A_HS2_4;0.0;4.0;0.0;0;0;0;0.8916666666666667;4.398239875989713;4.932605468399679;17.591786718177637;22332.303069666024;17.591786718177637;22332.303069666028;6.017799928800285;0.03598065592752784;Modern;1;NA;0.0;0.0;3.223184371165053;42.680615430238014
20250701_151554_1_stabilized_1A.avi;3;General;1A_HS2_1;0.0;4.0;0.0;0;0;0;1.0;0.3672445379495896;0.36724453794958956;1.468880226449928;74086.66294718815;1.468880226449928;74086.66294718812;1.8896404414382344;0.011298232469434321;Modern;1;NA;0.0;0.0;5.5016471890899385;49.98018869193576
20250701_151554_1_stabilized_1A.avi;4;General;1A_CM1_1;0.0;4.0;0.0;0;0;0;0.9916666666666667;7.172754775463801;7.233030025677782;28.689106494755553;982.5113146001459;28.689106494755553;982.5113146001459;9.19188323246707;0.051477331632042746;Modern;1;NA;0.0;0.0;2.0913594770290107;33.93562914914031
20250701_151554_1_stabilized_1A.avi;4;General;1A_CM1_6;0.0;4.0;0.0;0;0;0;1.0;0.19104018445983365;0.1910401844598336;0.7641097971861887;63241.74133414654;0.7641097971861885;63241.741334146536;1.510857956568174;0.00846126241078193;Modern;1;NA;0.0;0.0;3.75133635267763;42.30060338461378
20250701_151554_1_stabilized_1A.avi;4;General;1A_CM1_4;0.0;4.0;0.0;0;0;0;1.0;0.6484614297188275;0.6484614297188275;2.5936728073548196;37637.52598011067;2.593672807354819;37637.52598011067;2.259878960484158;0.012656007017823677;Modern;1;NA;0.0;0.0;3.46271552436259;40.04649376183791
20250701_151554_1_stabilized_1A.avi;4;General;1A_CM1_7;0.0;4.0;0.0;0;0;0;1.0;6.714419720105599;6.7144197201055995;26.855888487856543;4109.10093027866;26.855888487856543;4109.10093027866;3.8590245639017446;0.02161170700586148;Modern;1;NA;0.0;0.0;1.8335709977990948;28.795774631956288
20250701_151554_1_stabilized_1A.avi;4;General;1A_CM1_2;0.0;4.0;0.0;0;0;0;0.9916666666666667;2.1688153734178814;2.1870407126903;8.674683181459429;39930.44264716182;8.674683181459427;39930.44264716182;3.454610181559274;0.01934686391004426;Modern;1;NA;0.0;0.0;3.096210887988757;37.31302453689446
20250701_151554_1_stabilized_1A.avi;4;General;1A_CM1_5;0.0;4.0;0.0;0;0;0;1.0;1.4897030666714377;1.4897030666714377;5.958415039016482;11396.38111393984;5.958415039016482;11396.38111393984;5.600569597721609;0.0313648869572152;Modern;1;NA;0.0;0.0;5.8994457831922515;46.04358480821864
20250701_151554_1_stabilized_1A.avi;4;General;1A_CM1_3;0.0;4.0;0.0;0;0;0;1.0;7.53933789090027;7.539337890900271;30.15534120752058;3750.155621461189;30.15534120752058;3750.1556214611896;3.6240655037379854;0.020295865066390206;Modern;1;NA;0.0;0.0;2.918725622921236;35.19542248656728
20250701_151554_1_stabilized_1A.avi;5;General;1A_HS1_4;0.0;4.0;0.0;0;0;0;1.0;0.23232523581416592;0.23232523581416592;0.9292389939903977;94361.50583750033;0.9292389939903977;94361.50583750034;1.6475614097543612;0.009409334515260688;Modern;1;NA;0.0;0.0;4.401548733338148;39.31656794781454
20250701_151554_1_stabilized_1A.avi;5;General;1A_HS1_3;0.0;4.0;0.0;0;0;0;0.9583333333333334;0.03474406968574352;0.03625468141121063;0.13896701427535574;146436.77995701117;0.13896701427535574;146436.77995701117;1.0537557849768602;0.006018070476484796;Modern;1;NA;0.0;0.0;5.122849714549138;47.69347774311806
20250701_151554_1_stabilized_1A.avi;5;General;1A_HS1_1;0.0;4.0;0.0;0;0;0;0.9833333333333333;6.084317599338691;6.187441626446126;24.335648020820038;29293.712225135707;24.335648020820035;29293.712225135703;7.006051975792097;0.04001203614095297;Modern;1;NA;0.0;0.0;2.23508387950611;37.097698142962585
20250701_151554_1_stabilized_1A.avi;5;General;1A_HS1_6;0.0;4.0;0.0;0;0;0;1.0;1.4251303133562985;1.4251303133562985;5.700141244008927;29152.636590531598;5.700141244008927;29152.6365905316;4.568173727305091;0.026089148768328685;Modern;1;NA;0.0;0.0;4.281974161226175;38.76798908276548
20250701_151554_1_stabilized_1A.avi;5;General;1A_HS1_2;0.0;4.0;0.0;0;0;0;0.975;4.554328386227847;4.671106037156766;18.21609913830217;21578.69147740427;18.21609913830217;21578.691477404274;12.55250978996084;0.07168823141920741;Modern;1;NA;0.0;0.0;2.22683931232799;40.50312370768485
20250701_151554_1_stabilized_1A.avi;5;General;1A_HS1_7;0.0;4.0;0.0;0;0;0;0.9916666666666667;0.9359923317192819;0.9438578134984354;3.7437197455607563;29361.380771262087;3.743719745560756;29361.38077126209;2.9889640441438234;0.017070175581272416;Modern;1;NA;0.0;0.0;4.095159276657357;30.60803738999599
20250701_151554_1_stabilized_1A.avi;5;General;1A_HS1_5;0.0;4.0;0.0;0;0;0;1.0;1.2842777188034546;1.2842777188034549;5.136768423985553;46409.2158064958;5.136768423985553;46409.215806495806;5.643289426842293;0.032229207159877364;Modern;1;NA;0.0;0.0;4.2791485340378514;41.86952800434
20250701_151554_1_stabilized_1A.avi;6;General;1A_HT1_6;0.0;4.0;0.0;0;0;0;0.9916666666666667;5.003183540781382;5.0452270999476125;20.01140006978755;12464.375774694137;20.011400069787552;12464.375774694137;9.814168743325027;0.058104929476532924;Modern;1;NA;0.0;0.0;1.873225885639007;45.729387166015265
20250701_151554_1_stabilized_1A.avi;6;General;1A_HT1_4;0.0;4.0;0.0;0;0;0;1.0;0.6063342697631643;0.6063342697631643;2.425175400692611;17816.253646208585;2.425175400692611;17816.253646208585;2.635813456746173;0.015605372092435062;Modern;1;NA;0.0;0.0;4.815796121896793;42.77352619679845
20250701_151554_1_stabilized_1A.avi;6;General;1A_HT1_2;0.0;4.0;0.0;0;0;0;0.875;2.0922297063559334;2.391119664406781;8.368360934694755;27231.25332498514;8.368360934694755;27231.25332498514;5.445354218583126;0.03223929923364218;Modern;1;NA;0.0;0.0;3.682010024905121;44.69775278982272
20250701_151554_1_stabilized_1A.avi;6;General;1A_HT1_7;0.0;4.0;0.0;0;0;0;1.0;0.4207722953625383;0.42077229536253835;1.6829769829846208;46868.8892470317;1.6829769829846208;46868.88924703171;2.2043431826272695;0.01305084602868151;Modern;1;NA;0.0;0.0;4.537661190192481;31.92265460755222
20250701_151554_1_stabilized_1A.avi;6;General;1A_HT1_5;0.0;4.0;0.0;0;0;0;1.0;2.69392497709305;2.69392497709305;10.774981576267114;5925.25153315171;10.774981576267116;5925.25153315171;5.51940192239231;0.03267769974623355;Modern;1;NA;0.0;0.0;1.9554827863334974;45.14989287705624
20250701_151554_1_stabilized_1A.avi;6;General;1A_HT1_1;0.0;4.0;0.0;0;0;0;1.0;3.3279180631505687;3.3279180631505683;13.310784866944475;20878.939057547985;13.310784866944477;20878.93905754798;10.684229263082948;0.0632561354994815;Modern;1;NA;0.0;0.0;3.666163545724448;41.35337410054981
20250701_151554_1_stabilized_1A.avi;6;General;1A_HT1_3;0.0;4.0;0.0;0;0;0;0.9916666666666667;1.9935416928714094;2.0102941440720095;7.973635195805916;58494.55636925961;7.973635195805916;58494.556369259604;4.306158775364898;0.025494675963005742;Modern;1;NA;0.0;0.0;4.191222761266782;42.55466772133326
20250701_151554_1_stabilized_1A.avi;7;General;1A_Control1_5;0.0;4.0;0.0;0;0;0;1.0;0.401473117567843;0.401473117567843;1.605785417910178;25395.196035516303;1.6057854179101778;25395.1960355163;1.621929512281951;0.009745454545454545;Modern;1;NA;0.0;0.0;3.6954606159615397;39.41476324073103
20250701_151554_1_stabilized_1A.avi;7;General;1A_Control1_1;0.0;4.0;0.0;0;0;0;1.0;0.5895156961527123;0.5895156961527124;2.357905590904789;35490.55785380827;2.357905590904789;35490.55785380827;3.1199715201139195;0.018746524064171124;Modern;1;NA;0.0;0.0;4.4341677122457135;41.358926448214966
20250701_151554_1_stabilized_1A.avi;7;General;1A_Control1_4;0.0;4.0;0.0;0;0;0;0.9916666666666667;0.07939853789179031;0.080065752495923;0.31757298003515894;71755.97221594122;0.31757298003515894;71755.97221594123;1.0993236027055893;0.006605347593582888;Modern;1;NA;0.0;0.0;4.648031420070402;43.84177997081388
20250701_151554_1_stabilized_1A.avi;7;General;1A_Control1_2;0.0;4.0;0.0;0;0;0;1.0;0.1554740136956309;0.15547401369563088;0.6218545978093365;65709.59903503578;0.6218545978093364;65709.59903503578;1.1577073691705233;0.006956149732620321;Modern;1;NA;0.0;0.0;4.208625418371554;39.778497395925164
20250701_151554_1_stabilized_1A.avi;7;General;1A_Control1_3;0.0;4.0;0.0;0;0;0;0.9916666666666667;0.12087233023580037;0.1218880641033281;0.4834570904705035;75930.86220064251;0.48345709047050356;75930.86220064251;1.2089711641153436;0.0072641711229946525;Modern;1;NA;0.0;0.0;4.208625418371554;40.71843901314338
20250701_151554_1_stabilized_1A.avi;7;General;1A_Control1_6;0.0;4.0;0.0;0;0;0;1.0;0.1604015253906967;0.16040152539069671;0.6415633306740752;95518.07068373186;0.6415633306740752;95518.07068373186;1.292986828052688;0.007768983957219251;Modern;1;NA;0.0;0.0;3.2449902755956237;37.17236854227616
20250701_151554_1_stabilized_1A.avi;7;General;1A_Control1_7;0.0;4.0;0.0;0;0;0;1.0;0.6929732552195857;0.6929732552195856;2.771708240328987;18215.82408423808;2.771708240328987;18215.82408423808;2.484870060519758;0.01493048128342246;Modern;1;NA;0.0;0.0;3.2454921756630446;28.983464420643323
20250703_113459A_stabilized_2A.avi;0;General;2A_Control2_5;0.0;4.0;0.0;0;0;0;1.0;0.3620064267464989;0.36200642674649897;1.4479291783741037;29200.022988408735;1.447929178374104;29200.022988408735;1.55900826446281;0.009214176859052011;Modern;1;NA;0.0;0.0;4.638609455511596;44.600273878201435
20250703_113459A_stabilized_2A.avi;0;General;2A_Control2_6;0.0;4.0;0.0;0;0;0;1.0;0.13416698814578026;0.13416698814578024;0.5366321771046473;41803.98095853182;0.5366321771046474;41803.98095853182;1.1424793388429753;0.006752373881442695;Modern;1;NA;0.0;0.0;5.579622626315328;48.23375767830334
20250703_113459A_stabilized_2A.avi;0;General;2A_Control2_3;0.0;4.0;0.0;0;0;0;1.0;1.4275745168200848;1.427574516820085;5.709917406119932;7773.872947000135;5.709917406119931;7773.872947000135;3.727603305785124;0.022031182837716386;Modern;1;NA;0.0;0.0;4.689879973995586;44.43487526403974
20250703_113459A_stabilized_2A.avi;0;General;2A_Control2_4;0.0;4.0;0.0;0;0;0;0.9083333333333333;0.3328409543753144;0.36643040848658454;1.3312750658302022;17486.424570106712;1.3312750658302022;17486.424570106712;1.6846280991735538;0.009956625376108788;Modern;1;NA;0.0;0.0;2.43331453353927;43.16770940601733
20250703_113459A_stabilized_2A.avi;0;General;2A_Control2_7;0.0;4.0;0.0;0;0;0;0.9583333333333334;4.820011629535665;5.029577352558955;19.2787612673915;7894.42046827064;19.2787612673915;7894.420468270642;8.5500826446281;0.05053339064514868;Modern;1;NA;0.0;0.0;2.4180107175531087;35.407619198358695
20250703_113459A_stabilized_2A.avi;0;General;2A_Control2_2;0.0;4.0;0.0;0;0;0;0.875;1.4295903860082224;1.6338175840093971;5.717980345343201;9562.122413055728;5.717980345343201;9562.122413055728;3.7857851239669422;0.022375053729826892;Modern;1;NA;0.0;0.0;3.373597856980829;48.13307260145375
20250703_113459A_stabilized_2A.avi;0;General;2A_Control2_1;0.0;4.0;0.0;0;0;0;1.0;0.3002207436273931;0.3002207436273931;1.2008029209815068;39396.88791887083;1.200802920981507;39396.88791887082;1.7480991735537192;0.010331757258411161;Modern;1;NA;0.0;0.0;3.373597856980829;44.016107622708645
20250703_113459A_stabilized_2A.avi;1;General;2A_CM1_7;0.0;4.0;0.0;0;0;0;1.0;0.09570732467054488;0.09570732467054487;0.3828037784302841;69645.30428021394;0.3828037784302841;69645.30428021394;1.1279338842975208;0.006868729164318039;Modern;1;NA;0.0;0.0;4.132099959061326;28.641626955729336
20250703_113459A_stabilized_2A.avi;1;General;2A_CM1_3;0.0;4.0;0.0;0;0;0;1.0;0.3550326788935333;0.3550326788935333;1.420036046504366;21900.111570638044;1.4200360465043662;21900.111570638044;1.494214876033058;0.009099254344290016;Modern;1;NA;0.0;0.0;4.485876319144251;42.374468335795775
20250703_113459A_stabilized_2A.avi;1;General;2A_CM1_5;0.0;4.0;0.0;0;0;0;1.0;0.6793968801105961;0.6793968801105961;2.7174063600183826;12618.03116705546;2.717406360018383;12618.031167055462;2.6935537190082646;0.016402815132140498;Modern;1;NA;0.0;0.0;0.9928778974150956;36.3756750458609
20250703_113459A_stabilized_2A.avi;1;General;2A_CM1_1;0.0;4.0;0.0;0;0;0;1.0;0.6534662421298202;0.6534662421298203;2.613690722471116;28197.718697603854;2.6136907224711163;28197.718697603854;3.3123966942148764;0.020171355869421675;Modern;1;NA;0.0;0.0;4.080028711402833;40.16676152346902
20250703_113459A_stabilized_2A.avi;1;General;2A_CM1_6;0.0;4.0;0.0;0;0;0;0.95;1.512295657673854;1.5918901659724778;6.048779378736833;9938.750292259687;6.048779378736833;9938.750292259685;6.35107438016529;0.03867585718196898;Modern;1;NA;0.0;0.0;0.9928778974150956;36.021930301488126
20250703_113459A_stabilized_2A.avi;1;General;2A_CM1_2;0.0;4.0;0.0;0;0;0;1.0;8.79165434234655;8.791654342346552;35.1642730845139;727.9036801397973;35.1642730845139;727.9036801397972;5.999338842975207;0.03653390881419806;Modern;1;NA;0.0;0.0;4.226726111247018;43.17697345632528
20250703_113459A_stabilized_2A.avi;1;General;2A_CM1_4;0.0;4.0;0.0;0;0;0;0.9916666666666667;1.1677141538218097;1.1775268778035055;4.670545245604198;14354.391297869943;4.670545245604198;14354.391297869943;3.3335537190082647;0.02030019486898684;Modern;1;NA;0.0;0.0;4.067978835712297;37.24079366732146
20250703_113459A_stabilized_2A.avi;2;General;2A_HT2_4;0.0;4.0;0.0;0;0;0;0.9916666666666667;3.2948502395346884;3.322538056673636;13.178522389979419;34247.728994976474;13.178522389979419;34247.728994976474;6.266446280991736;0.03853033481308031;Modern;1;NA;0.0;0.0;2.094781014840218;39.40058845143496
20250703_113459A_stabilized_2A.avi;2;General;2A_HT2_7;0.0;4.0;0.0;0;0;0;0.9916666666666667;0.4876694898961736;0.4917675528364776;1.9505479230564902;62390.20318771292;1.9505479230564902;62390.20318771293;2.218842975206612;0.01364294193212677;Modern;1;NA;0.0;0.0;4.589630270373577;33.52612171390626
20250703_113459A_stabilized_2A.avi;2;General;2A_HT2_5;0.0;4.0;0.0;0;0;0;0.9666666666666667;1.8128251594689075;1.8753363718643872;7.250817250058959;22028.066798211818;7.250817250058959;22028.06679821182;4.0423140495867775;0.024854870969315577;Modern;1;NA;0.0;0.0;2.094781014840218;42.94747618915938
20250703_113459A_stabilized_2A.avi;2;General;2A_HT2_3;0.0;4.0;0.0;0;0;0;0.9583333333333334;2.9892437132411316;3.1192108312081372;11.95617777444623;14255.48617619588;11.956177774446232;14255.48617619588;11.391735537190083;0.07004406719026944;Modern;1;NA;0.0;0.0;4.7275667070734775;51.70673331267902
20250703_113459A_stabilized_2A.avi;2;General;2A_HT2_2;0.0;4.0;0.0;0;0;0;0.725;4.880390421216275;6.73157299478107;19.520260334176157;5769.2404768211345;19.520260334176154;5769.240476821133;9.527272727272727;0.0585800933378864;Modern;1;NA;0.0;0.0;4.765214673994474;47.26173848232613
20250703_113459A_stabilized_2A.avi;2;General;2A_HT2_1;0.0;4.0;0.0;0;0;0;1.0;0.38969386076114637;0.3896938607611464;1.5586715316091448;23733.10770853603;1.558671531609145;23733.10770853603;1.9398347107438019;0.01192741109322406;Modern;1;NA;0.0;0.0;5.613457750612221;47.77584199506541
20250703_113459A_stabilized_2A.avi;2;General;2A_HT2_6;0.0;4.0;0.0;0;0;0;1.0;1.1120905621103852;1.1120905621103852;4.448065710727492;13917.242141490846;4.448065710727492;13917.242141490848;4.505123966942149;0.027700538237637608;Modern;1;NA;0.0;0.0;4.638702404981095;44.47070491363466
20250703_113459A_stabilized_2A.avi;3;General;2A_CM2_6;0.0;4.0;0.0;0;0;0;0.9916666666666667;1.762014243908811;1.776821086294599;7.047587136492809;5501.66737936684;7.047587136492808;5501.667379366841;6.060165289256199;0.037857573579824715;Modern;1;NA;0.0;0.0;2.2008581401532004;40.44642948653746
20250703_113459A_stabilized_2A.avi;3;General;2A_CM2_4;0.0;4.0;0.0;0;0;0;1.0;0.208904380658423;0.20890438065842304;0.8355618185124579;61197.81660814815;0.8355618185124579;61197.81660814815;1.4016528925619836;0.008756061094177219;Modern;1;NA;0.0;0.0;3.1724672385939243;40.052763338305276
20250703_113459A_stabilized_2A.avi;3;General;2A_CM2_1;0.0;4.0;0.0;0;0;0;1.0;2.577122660516563;2.5771226605165625;10.307803455169237;6212.28137751049;10.307803455169239;6212.28137751049;7.051900826446282;0.044052899825704823;Modern;1;NA;0.0;0.0;2.199036110008618;43.15652063343547
20250703_113459A_stabilized_2A.avi;3;General;2A_CM2_2;0.0;4.0;0.0;0;0;0;1.0;1.5603723257113142;1.5603723257113142;6.241073231296505;6777.77807719164;6.241073231296504;6777.77807719164;2.964628099173554;0.01851989525768427;Modern;1;NA;0.0;0.0;4.780524886806032;39.847143738148525
20250703_113459A_stabilized_2A.avi;3;General;2A_CM2_7;0.0;4.0;0.0;0;0;0;0.9916666666666667;1.5064924459303308;1.5191520463163002;6.025568079182711;4839.85671482441;6.025568079182709;4839.85671482441;4.945454545454546;0.030894026879455472;Modern;1;NA;0.0;0.0;3.1336891194421725;31.23260490150183
20250703_113459A_stabilized_2A.avi;3;General;2A_CM2_5;0.0;4.0;0.0;0;0;0;1.0;0.23241785821583674;0.23241785821583674;0.9296094588994203;66018.27732525198;0.9296094588994203;66018.27732525198;1.4360330578512397;0.008970832404034396;Modern;1;NA;0.0;0.0;5.124411061256782;47.33821065178031
20250703_113459A_stabilized_2A.avi;3;General;2A_CM2_3;0.0;4.0;0.0;0;0;0;1.0;0.4283964351032429;0.4283964351032429;1.7134715089790398;49523.23780232822;1.7134715089790395;49523.23780232823;2.384132231404959;0.01489356429509578;Modern;1;NA;0.0;0.0;4.33561860645034;43.56008996277573
20250703_113459A_stabilized_2A.avi;4;General;2A_HT1_4;0.0;4.0;0.0;0;0;0;1.0;1.2195039342434506;1.2195039342434504;4.8776905576032945;18946.09608589855;4.8776905576032945;18946.096085898556;4.975867768595042;0.030617890677124865;Modern;1;NA;0.0;0.0;3.4709052879508002;33.079643740232974
20250703_113459A_stabilized_2A.avi;4;General;2A_HT1_3;0.0;4.0;0.0;0;0;0;1.0;1.0615281748272352;1.061528174827235;4.24582964399934;17106.619119043025;4.24582964399934;17106.619119043025;3.7804958677685954;0.02326243673821419;Modern;1;NA;0.0;0.0;1.7643672746336545;39.973497692230346
20250703_113459A_stabilized_2A.avi;4;General;2A_HT1_6;0.0;4.0;0.0;0;0;0;1.0;0.3805282626746394;0.38052826267463935;1.5220115832596735;20359.543103182274;1.5220115832596735;20359.543103182274;1.5788429752066118;0.00971505752550813;Modern;1;NA;0.0;0.0;3.6670456118523522;40.172290326425525
20250703_113459A_stabilized_2A.avi;4;General;2A_HT1_5;0.0;4.0;0.0;0;0;0;1.0;0.5531684382261849;0.5531684382261848;2.212526251154662;26508.41797480649;2.212526251154662;26508.417974806493;2.887933884297521;0.017770255976306326;Modern;1;NA;0.0;0.0;3.4709052879508002;40.215299004751216
20250703_113459A_stabilized_2A.avi;4;General;2A_HT1_2;0.0;4.0;0.0;0;0;0;0.8583333333333333;5.010833876084587;5.837864710001462;20.04199937104694;6388.489304016482;20.04199937104694;6388.489304016482;10.854876033057852;0.06679305462889132;Modern;1;NA;0.0;0.0;1.764360196865754;37.95796011950946
20250703_113459A_stabilized_2A.avi;4;General;2A_HT1_1;0.0;4.0;0.0;0;0;0;1.0;2.1333281287024084;2.1333281287024084;8.532743665231951;24030.399006824904;8.532743665231951;24030.3990068249;7.164297520661157;0.04408390424891377;Modern;1;NA;0.0;0.0;3.726858771121266;41.72357320746876
20250703_113459A_stabilized_2A.avi;4;General;2A_HT1_7;0.0;4.0;0.0;0;0;0;1.0;0.9482643072766038;0.9482643072766038;3.7928043754813823;18205.173809112086;3.7928043754813827;18205.173809112082;4.107107438016529;0.025272168068867878;Modern;1;NA;0.0;0.0;3.598030118055554;29.633942493408384
20250703_113459A_stabilized_2A.avi;5;General;2A_HS1_1;0.0;4.0;0.0;0;0;0;1.0;0.4379001852927951;0.43790018529279506;1.7514839755728087;25001.95296604104;1.7514839755728087;25001.95296604104;1.826115702479339;0.011698829269945614;Modern;1;NA;0.0;0.0;4.627417009807034;43.89054700744275
20250703_113459A_stabilized_2A.avi;5;General;2A_HS1_5;0.0;4.0;0.0;0;0;0;1.0;0.13859507709227034;0.13859507709227034;0.554343352145605;74191.03974749397;0.5543433521456049;74191.03974749395;1.167603305785124;0.00748013486268065;Modern;1;NA;0.0;0.0;3.6620467537269525;41.52770165493036
20250703_113459A_stabilized_2A.avi;5;General;2A_HS1_7;0.0;4.0;0.0;0;0;0;1.0;0.46547136634248154;0.4654713663424816;1.8617613479467299;35497.29377602425;1.86176134794673;35497.29377602425;2.3867768595041325;0.015290649407857954;Modern;1;NA;0.0;0.0;3.6620467537269525;30.453613833832144
20250703_113459A_stabilized_2A.avi;5;General;2A_HS1_6;0.0;4.0;0.0;0;0;0;1.0;0.9283232941673436;0.9283232941673436;3.713045640293355;33498.282197551176;3.7130456402933545;33498.282197551176;3.307107438016529;0.0211866560493367;Modern;1;NA;0.0;0.0;4.538925035107628;44.3488795475223
20250703_113459A_stabilized_2A.avi;5;General;2A_HS1_2;0.0;4.0;0.0;0;0;0;0.9916666666666667;0.0857562165248896;0.08647685699988866;0.3430019992996051;69924.83355536977;0.3430019992996052;69924.83355536975;1.0538842975206613;0.006751605306405977;Modern;1;NA;0.0;0.0;4.324937542024046;38.242208721411885
20250703_113459A_stabilized_2A.avi;5;General;2A_HS1_4;0.0;4.0;0.0;0;0;0;1.0;0.18336300100189876;0.18336300100189876;0.7334031104668971;43336.38143737711;0.7334031104668971;43336.38143737711;1.3566942148760333;0.008691527031835048;Modern;1;NA;0.0;0.0;4.074907279181089;40.6008588519919
20250703_113459A_stabilized_2A.avi;5;General;2A_HS1_3;0.0;4.0;0.0;0;0;0;1.0;0.12721278988043494;0.1272127898804349;0.5088172383725149;53015.406904549236;0.5088172383725149;53015.406904549236;1.1279338842975208;0.007225996645375532;Modern;1;NA;0.0;0.0;4.29556743885438;42.07988642614511
20250703_113459A_stabilized_2A.avi;6;General;2A_Control1_4;0.0;4.0;0.0;0;0;0;0.9916666666666667;1.3028625892921277;1.3138110144122292;5.211102950305156;52424.084006592755;5.211102950305157;52424.08400659276;5.232396694214876;0.03405101197852127;Modern;1;NA;0.0;0.0;3.1267547601485433;35.99378171308198
20250703_113459A_stabilized_2A.avi;6;General;2A_Control1_7;0.0;4.0;0.0;0;0;0;1.0;0.45529942022597497;0.45529942022597497;1.8210762758188455;37444.17705476821;1.8210762758188455;37444.17705476821;2.093223140495868;0.013622125843315434;Modern;1;NA;0.0;0.0;3.897731523446048;29.620619132288528
20250703_113459A_stabilized_2A.avi;6;General;2A_Control1_2;0.0;4.0;0.0;0;0;0;0.9916666666666667;0.33548917833908426;0.3383084151318496;1.3418672555393012;26467.376297893512;1.3418672555393012;26467.376297893512;1.5616528925619837;0.010162811510395154;Modern;1;NA;0.0;0.0;4.333086204335765;42.13884664006993
20250703_113459A_stabilized_2A.avi;6;General;2A_Control1_1;0.0;4.0;0.0;0;0;0;0.49166666666666664;1.1553517284241366;2.349867922218583;4.621098840440516;7194.342770835986;4.621098840440516;7194.342770835987;3.568925619834711;0.023225595483959798;Modern;1;NA;0.0;0.0;4.341489186429992;43.388833592257505
20250703_113459A_stabilized_2A.avi;6;General;2A_Control1_3;0.0;4.0;0.0;0;0;0;1.0;1.33023747249378;1.33023747249378;5.320595183629544;15299.288023358213;5.320595183629544;15299.288023358211;4.928264462809918;0.032071802285556936;Modern;1;NA;0.0;0.0;5.4141976014099376;45.782321660032856
20250703_113459A_stabilized_2A.avi;6;General;2A_Control1_6;0.0;4.0;0.0;0;0;0;1.0;0.6293579411886022;0.6293579411886022;2.5172639471579314;22430.59427688669;2.5172639471579314;22430.594276886688;2.5507438016528927;0.01659954564229657;Modern;1;NA;0.0;0.0;4.3533122312023025;43.046819883754765
20250703_113459A_stabilized_2A.avi;6;General;2A_Control1_5;0.0;4.0;0.0;0;0;0;1.0;0.24410056749323983;0.2441005674932398;0.9763371808275706;27334.416581722762;0.9763371808275707;27334.416581722762;1.524628099173554;0.009921864243425582;Modern;1;NA;0.0;0.0;3.1318082261212385;39.76523895799043
20250703_113459A_stabilized_2A.avi;7;General;2A_HS2_3;0.0;4.0;0.0;0;0;0;0.975;0.8105925521430385;0.8313769765569626;3.2421540649678233;23012.629511199517;3.2421540649678233;23012.62951119952;2.127603305785124;0.014147542425041765;Modern;1;NA;0.0;0.0;4.08068194133538;37.43987086405106
20250703_113459A_stabilized_2A.avi;7;General;2A_HS2_1;0.0;4.0;0.0;0;0;0;1.0;1.0732937806206984;1.0732937806206984;4.292888929887468;43132.99588155656;4.292888929887468;43132.99588155656;4.001322314049587;0.026606875934230195;Modern;1;NA;0.0;0.0;3.229240036315629;37.02027991304453
20250703_113459A_stabilized_2A.avi;7;General;2A_HS2_6;0.0;4.0;0.0;0;0;0;0.9916666666666667;0.47742392018259067;0.48143588589841074;1.9095683761719515;57867.69754444445;1.9095683761719515;57867.697544444454;1.8128925619834713;0.012054866789765233;Modern;1;NA;0.0;0.0;4.167196184824261;43.63185726653436
20250703_113459A_stabilized_2A.avi;7;General;2A_HS2_5;0.0;4.0;0.0;0;0;0;1.0;0.8354662576176692;0.8354662576176694;3.3416422543203885;22393.97045034959;3.341642254320389;22393.97045034959;2.63801652892562;0.01754154576628858;Modern;1;NA;0.0;0.0;4.091616201122382;40.13837822513026
20250703_113459A_stabilized_2A.avi;7;General;2A_HS2_2;0.0;4.0;0.0;0;0;0;0.9666666666666667;2.3394980628531132;2.4201704098480485;9.357368426850664;18212.690063252656;9.357368426850664;18212.690063252656;5.662148760330579;0.03765057592543744;Modern;1;NA;0.0;0.0;3.4762483203311696;42.97169473786176
20250703_113459A_stabilized_2A.avi;7;General;2A_HS2_7;0.0;4.0;0.0;0;0;0;0.7916666666666666;2.661138190022575;3.3614377137127254;10.643843170545596;12780.552987911371;10.643843170545598;12780.552987911371;2.407933884297521;0.016011606436296493;Modern;1;NA;0.0;0.0;3.333118802280569;28.869761833612454
20250703_113459A_stabilized_2A.avi;7;General;2A_HS2_4;0.0;4.0;0.0;0;0;0;1.0;8.286630572909761;8.28663057290976;33.144312670794314;545.2070993343682;33.14431267079432;545.2070993343682;4.662479338842975;0.031003253319264925;Modern;1;NA;0.0;0.0;4.146418538767138;41.26183978670451
20250708_113829A_stabilized_3A.avi;0;General;3A_HSB_5;0.0;2.0;0.0;0;0;0;1.0;1.1399587329439753;1.1399587329439753;2.279765481522516;33338.256856757755;2.279765481522516;33338.25685675775;2.183360375791046;0.012704827507219582;Modern;1;NA;0.0;0.0;4.593087985756475;40.35220349139397
20250708_113829A_stabilized_3A.avi;0;General;3A_HSB_6;0.0;2.0;0.0;0;0;0;0.95;5.1178025242452225;5.387160551837074;10.23492272030909;7123.740090983886;10.23492272030909;7123.740090983886;6.623187849550301;0.03853988563200995;Modern;1;NA;0.0;0.0;2.9959315759022345;37.90836546380244
20250708_113829A_stabilized_3A.avi;0;General;3A_HSB_7;0.0;2.0;0.0;0;0;0;0.9166666666666666;3.763584551370262;4.105728601494832;7.526667324918861;10578.597928306397;7.526667324918862;10578.597928306397;2.8286677888548515;0.01645982803897347;Modern;1;NA;0.0;0.0;3.1211865993079595;26.943267980100913
20250708_113829A_stabilized_3A.avi;0;General;3A_HSB_2;0.0;2.0;0.0;0;0;0;1.0;0.24901774242269406;0.249017742422694;0.49800228469307517;51168.06427022564;0.49800228469307517;51168.06427022564;1.0853536446301915;0.006315600022906321;Modern;1;NA;0.0;0.0;4.047738227391362;38.02867101409365
20250708_113829A_stabilized_3A.avi;0;General;3A_HSB_4;0.0;2.0;0.0;0;0;0;1.0;0.6790867296343438;0.6790867296343438;1.3580829204073273;52135.606239803434;1.3580829204073273;52135.606239803434;1.6083478878975896;0.009358868427726466;Modern;1;NA;0.0;0.0;4.631669408859965;41.804012352182625
20250708_113829A_stabilized_3A.avi;0;General;3A_HSB_1;0.0;2.0;0.0;0;0;0;0.7583333333333333;1.1014411283282937;1.452449839553794;2.2027354076294117;40641.88747987756;2.2027354076294117;40641.88747987756;1.6927017981020087;0.009849718170439392;Modern;1;NA;0.0;0.0;2.9959315759022345;35.398292747362206
20250708_113829A_stabilized_3A.avi;0;General;3A_HSB_3;0.0;2.0;0.0;0;0;0;1.0;3.8223980478715323;3.8223980478715323;7.644286476644622;7439.01095050923;7.644286476644622;7439.01095050923;3.680642281919484;0.021417410440374027;Modern;1;NA;0.0;0.0;3.130675227656963;32.92496373128191
20250708_113829A_stabilized_3A.avi;1;General;3A_HTA_7;0.0;2.0;0.0;0;0;0;1.0;0.41875582476959294;0.41875582476959294;0.8374558191512425;53189.987701837534;0.8374558191512425;53189.987701837534;1.4185515899376469;0.008203852314396989;Modern;1;NA;0.0;0.0;3.3857516161915786;32.30500268887363
20250708_113829A_stabilized_3A.avi;1;General;3A_HTA_3;0.0;2.0;0.0;0;0;0;1.0;1.1048315408683849;1.1048315408683849;2.2095157806847237;14982.65522720739;2.2095157806847237;14982.65522720739;1.7742439112996136;0.010260913400167491;Modern;1;NA;0.0;0.0;3.231919413809455;46.51863513710558
20250708_113829A_stabilized_3A.avi;1;General;3A_HTA_1;0.0;2.0;0.0;0;0;0;1.0;15.187502010896157;15.187502010896155;30.372979156515207;904.1519023114504;30.372979156515207;904.1519023114504;14.870188470535668;0.0859981624671724;Modern;1;NA;0.0;0.0;1.6173462873520874;37.24619072801986
20250708_113829A_stabilized_3A.avi;1;General;3A_HTA_6;0.0;2.0;0.0;0;0;0;1.0;2.106275547001196;2.106275547001196;4.212270275983993;21167.63546258925;4.212270275983993;21167.63546258925;3.2054485877679233;0.01853794180061956;Modern;1;NA;0.0;0.0;4.746896519393257;42.22546734555732
20250708_113829A_stabilized_3A.avi;1;General;3A_HTA_4;0.0;2.0;0.0;0;0;0;1.0;9.299397763261764;9.299397763261766;18.597555689477566;2054.4154699985106;18.597555689477566;2054.4154699985106;6.929673723293024;0.04007610312949728;Modern;1;NA;0.0;0.0;2.915883350312081;35.54556221009322
20250708_113829A_stabilized_3A.avi;1;General;3A_HTA_2;0.0;2.0;0.0;0;0;0;1.0;1.6235478605510751;1.623547860551075;3.2468792624846508;14290.961344929403;3.246879262484651;14290.961344929401;3.468351607905029;0.020058378255319496;Modern;1;NA;0.0;0.0;3.189038933291757;41.0025754407026
20250708_113829A_stabilized_3A.avi;1;General;3A_HTA_5;0.0;2.0;0.0;0;0;0;0.9666666666666667;4.257068350080388;4.403863810427987;8.513569128885516;6008.009596289268;8.513569128885518;6008.009596289267;4.182548047635777;0.024188761779317187;Modern;1;NA;0.0;0.0;1.8130747200948958;34.35023951469133
20250708_113829A_stabilized_3A.avi;2;General;3A_ControlA_1;0.0;2.0;0.0;0;0;0;0.9416666666666667;9.058873151489077;9.620042284767162;18.116538533742567;4993.72907465693;18.116538533742567;4993.72907465693;6.403867683018811;0.03704034999268138;Modern;1;NA;0.0;0.0;2.7667340322669127;40.034190441235346
20250708_113829A_stabilized_3A.avi;2;General;3A_ControlA_4;0.0;2.0;0.0;0;0;0;1.0;0.24430988848683752;0.24430988848683752;0.4885872044933755;45542.177551814384;0.48858720449337545;45542.17755181438;1.1162834117051452;0.006456649373038203;Modern;1;NA;0.0;0.0;4.552953543541689;43.47990843751454
20250708_113829A_stabilized_3A.avi;2;General;3A_ControlA_3;0.0;2.0;0.0;0;0;0;1.0;0.5254920712577121;0.5254920712577121;1.0509140815766524;47612.664060009934;1.0509140815766524;47612.66406000993;1.390433619869507;0.00804235041553499;Modern;1;NA;0.0;0.0;4.402200440189599;42.32561953162442
20250708_113829A_stabilized_3A.avi;2;General;3A_ControlA_6;0.0;2.0;0.0;0;0;0;1.0;2.457516140161327;2.4575161401613266;4.914704633347097;25656.446431707765;4.914704633347098;25656.44643170776;2.7738377472219793;0.016044041829980323;Modern;1;NA;0.0;0.0;2.7670836702574038;39.71120859070124
20250708_113829A_stabilized_3A.avi;2;General;3A_ControlA_2;0.0;2.0;0.0;0;0;0;1.0;1.9696763087709472;1.9696763087709475;3.939090011541126;14187.421259097833;3.939090011541126;14187.421259097833;3.225131166815621;0.01865434969993657;Modern;1;NA;0.0;0.0;4.290614411232895;39.53946255468153
20250708_113829A_stabilized_3A.avi;2;General;3A_ControlA_7;0.0;2.0;0.0;0;0;0;0.9833333333333333;5.3103014731165255;5.400306582830364;10.619894953236168;8876.7855290106;10.61989495323617;8876.7855290106;3.75234310559324;0.021703774781661165;Modern;1;NA;0.0;0.0;4.117221465249827;29.713643730074484
20250708_113829A_stabilized_3A.avi;2;General;3A_ControlA_5;0.0;2.0;0.0;0;0;0;1.0;0.403265549534558;0.4032655495345581;0.8064773339135218;56804.21788979071;0.8064773339135218;56804.21788979071;1.2287552919777038;0.007107193390472783;Modern;1;NA;0.0;0.0;4.497031924938566;41.29733793682822
20250708_113829A_stabilized_3A.avi;3;General;3A_CMB_1;0.0;2.0;0.0;0;0;0;1.0;3.0050889029013965;3.0050889029013965;6.009777153992526;12116.279347518112;6.009777153992525;12116.279347518112;2.612159419330176;0.014662710312825532;Modern;1;NA;0.0;0.0;3.568774472443845;38.81131974775881
20250708_113829A_stabilized_3A.avi;3;General;3A_CMB_4;0.0;2.0;0.0;0;0;0;1.0;0.4450713930382161;0.44507139303821597;0.8900834471799534;31776.13499611967;0.8900834471799535;31776.13499611967;1.327168187216193;0.007449730105116954;Modern;1;NA;0.0;0.0;3.889545453802917;39.60466666714943
20250708_113829A_stabilized_3A.avi;3;General;3A_CMB_5;0.0;2.0;0.0;0;0;0;0.9916666666666667;13.184113415542818;13.29490428458099;26.366469066481205;943.4249364447152;26.366469066481205;943.4249364447152;9.848319016365922;0.055281101044856215;Modern;1;NA;0.0;0.0;1.6793755813140214;29.917698894872363
20250708_113829A_stabilized_3A.avi;3;General;3A_CMB_3;0.0;2.0;0.0;0;0;0;1.0;4.074715223714474;4.074715223714474;8.148887188283062;96807.35442034114;8.148887188283062;96807.35442034117;3.8859034634169034;0.02181255721455854;Modern;1;NA;0.0;0.0;4.463981630176585;39.01123851745739
20250708_113829A_stabilized_3A.avi;3;General;3A_CMB_2;0.0;2.0;0.0;0;0;0;0.9916666666666667;0.43485423346385427;0.43850847071985305;0.8696504902283599;69762.36861445557;0.8696504902283599;69762.36861445557;1.220319900957262;0.006849963698349064;Modern;1;NA;0.0;0.0;4.644054262801657;38.228036443682385
20250708_113829A_stabilized_3A.avi;3;General;3A_CMB_7;0.0;2.0;0.0;0;0;0;1.0;2.334231347139815;2.334231347139815;4.668151484180685;9925.67269849341;4.668151484180685;9925.672698493412;3.7396900190625773;0.020991824236876164;Modern;1;NA;0.0;0.0;1.9679379854347856;26.014971096446843
20250708_113829A_stabilized_3A.avi;3;General;3A_CMB_6;0.0;2.0;0.0;0;0;0;1.0;0.4077198199814071;0.40771981998140716;0.8153852809440846;38579.916773619574;0.8153852809440847;38579.916773619574;1.3693451423184022;0.007686480002525332;Modern;1;NA;0.0;0.0;3.458277356442809;36.24944696424993
20250708_113829A_stabilized_3A.avi;4;General;3A_CMA_1;0.0;2.0;0.0;0;0;0;1.0;1.4471029574424503;1.44710295744245;2.894012980686188;18922.08959109031;2.8940129806861883;18922.08959109031;2.295832256063605;0.013695987654320988;Modern;1;NA;0.0;0.0;3.654685292344633;39.45592203867688
20250708_113829A_stabilized_3A.avi;4;General;3A_CMA_2;0.0;2.0;0.0;0;0;0;1.0;6.031360785076256;6.031360785076256;12.061917442323024;8216.223286563234;12.061917442323024;8216.223286563234;8.102193075134448;0.048334339774557165;Modern;1;NA;0.0;0.0;4.960567521537964;47.0916996649828
20250708_113829A_stabilized_3A.avi;4;General;3A_CMA_6;0.0;2.0;0.0;0;0;0;0.975;0.22568899430005748;0.23147589158980256;0.451347898740199;75040.33076181832;0.4513478987401989;75040.33076181832;1.1373718892562499;0.006785091250670961;Modern;1;NA;0.0;0.0;3.654685292344633;37.47056077365642
20250708_113829A_stabilized_3A.avi;4;General;3A_CMA_3;0.0;2.0;0.0;0;0;0;1.0;0.5128664636478901;0.5128664636478901;1.0256645496591361;45186.58501869069;1.0256645496591363;45186.58501869069;1.3327917812298207;0.007950885668276973;Modern;1;NA;0.0;0.0;4.228669067406172;42.984666925454604
20250708_113829A_stabilized_3A.avi;4;General;3A_CMA_5;0.0;2.0;0.0;0;0;0;1.0;0.7699432398018405;0.7699432398018405;1.5397838273485245;32875.11386447837;1.5397838273485245;32875.11386447837;1.6884841025917876;0.010072799248523886;Modern;1;NA;0.0;0.0;3.4409728543201656;39.219039964869815
20250708_113829A_stabilized_3A.avi;4;General;3A_CMA_4;0.0;2.0;0.0;0;0;0;1.0;2.589672486330126;2.5896724863301257;5.178999706013185;14071.892227199212;5.178999706013185;14071.892227199212;4.496063413895534;0.026821658615136877;Modern;1;NA;0.0;0.0;3.4409728543201656;45.69887676694819
20250708_113829A_stabilized_3A.avi;4;General;3A_CMA_7;0.0;2.0;0.0;0;0;0;1.0;0.26367516178436823;0.26367516178436823;0.5273151692241214;45305.79334335125;0.5273151692241214;45305.793343351244;1.224537596467483;0.007305085882984434;Modern;1;NA;0.0;0.0;4.220636876646681;30.312460033823577
20250708_113829A_stabilized_3A.avi;5;General;3A_ControlB_2;0.0;2.0;0.0;0;0;0;1.0;0.4953319294878488;0.4953319294878488;0.9905978191210897;34794.33428608555;0.9905978191210896;34794.33428608555;1.3665333453115884;0.007985015772870663;Modern;1;NA;0.0;0.0;3.7412850871508767;39.12032653605152
20250708_113829A_stabilized_3A.avi;5;General;3A_ControlB_6;0.0;2.0;0.0;0;0;0;1.0;0.8901389978151364;0.8901389978151365;1.7801593183423834;29298.707917202657;1.7801593183423836;29298.70791720266;1.4536990525228213;0.008494348054679284;Modern;1;NA;0.0;0.0;4.878931015372906;44.56567551408685
20250708_113829A_stabilized_3A.avi;5;General;3A_ControlB_3;0.0;2.0;0.0;0;0;0;1.0;0.1843817371868731;0.1843817371868731;0.3687388917809608;58462.23501051646;0.36873889178096075;58462.23501051646;1.0839477461267846;0.006333793375394321;Modern;1;NA;0.0;0.0;4.375194968961285;40.78598945263304
20250708_113829A_stabilized_3A.avi;5;General;3A_ControlB_4;0.0;2.0;0.0;0;0;0;1.0;8.545841388242675;8.545841388242675;17.09054340692489;11594.202753493202;17.090543406924887;11594.2027534932;16.250780800881326;0.09495761041009464;Modern;1;NA;0.0;0.0;3.62804562454573;41.93548538969316
20250708_113829A_stabilized_3A.avi;5;General;3A_ControlB_5;0.0;2.0;0.0;0;0;0;1.0;1.6697805441322058;1.6697805441322058;3.3393384657000316;22563.073119125496;3.339338465700031;22563.073119125496;2.988940218243248;0.017465168243953732;Modern;1;NA;0.0;0.0;4.173983929111623;41.167860802713335
20250708_113829A_stabilized_3A.avi;5;General;3A_ControlB_7;0.0;2.0;0.0;0;0;0;1.0;0.3105854113520448;0.3105854113520448;0.6211294140764846;39648.49093503203;0.6211294140764846;39648.49093503204;1.1711134533380176;0.006843125657202944;Modern;1;NA;0.0;0.0;4.170833861918549;29.96411747683056
20250708_113829A_stabilized_3A.avi;5;General;3A_ControlB_1;0.0;2.0;0.0;0;0;0;1.0;1.6841223840025838;1.6841223840025838;3.3680202333229463;33821.25862541878;3.3680202333229463;33821.25862541878;4.05039358831552;0.023667521030494215;Modern;1;NA;0.0;0.0;3.7332980672543554;42.95401257607285
20250708_113829A_stabilized_3A.avi;6;General;3A_HTB_6;0.0;2.0;0.0;0;0;0;1.0;1.2816803074515133;1.2816803074515135;2.5631897355873208;20577.846602432688;2.563189735587321;20577.846602432684;2.1299362326615805;0.012140785023961022;Modern;1;NA;0.0;0.0;4.635098447799493;41.24144334434294
20250708_113829A_stabilized_3A.avi;6;General;3A_HTB_7;0.0;2.0;0.0;0;0;0;1.0;0.7083709559905217;0.7083709559905216;1.4166474688164559;43695.708913748604;1.4166474688164556;43695.7089137486;1.5225880791897635;0.008678858205247383;Modern;1;NA;0.0;0.0;4.05736983840945;28.18095199377467
20250708_113829A_stabilized_3A.avi;6;General;3A_HTB_3;0.0;2.0;0.0;0;0;0;1.0;0.386974905855603;0.38697490585560296;0.7738982184966394;27069.213755867324;0.7738982184966394;27069.21375586732;1.22594349497089;0.00698796339332938;Modern;1;NA;0.0;0.0;3.949998219849178;38.24493731447394
20250708_113829A_stabilized_3A.avi;6;General;3A_HTB_4;0.0;2.0;0.0;0;0;0;0.9833333333333333;1.0240823397395824;1.0414396675317785;2.0480281442695465;19884.736112475595;2.0480281442695474;19884.736112475595;2.0202761493958357;0.011515714903915503;Modern;1;NA;0.0;0.0;3.926233173067531;37.593489992131275
20250708_113829A_stabilized_3A.avi;6;General;3A_HTB_1;0.0;2.0;0.0;0;0;0;1.0;1.0912983346747114;1.0912983346747116;2.1824511726045825;24372.73699875279;2.1824511726045825;24372.736998752793;1.9457635287152657;0.011090987771064062;Modern;1;NA;0.0;0.0;3.4452693502343434;36.39891244604809
20250708_113829A_stabilized_3A.avi;6;General;3A_HTB_2;0.0;2.0;0.0;0;0;0;0.975;1.9695069818725155;2.0200071608948873;3.938751380319675;40267.57261478008;3.9387513803196756;40267.572614780074;3.250437339876947;0.018527719455708174;Modern;1;NA;0.0;0.0;3.4452693502343434;40.94807496984338
20250708_113829A_stabilized_3A.avi;6;General;3A_HTB_5;0.0;2.0;0.0;0;0;0;0.9916666666666667;0.2195460821844102;0.22139100724478344;0.4390628935092532;59369.464168454695;0.43906289350925315;59369.464168454695;1.0712946595961217;0.006106454249675444;Modern;1;NA;0.0;0.0;4.829387080595799;42.922359410900086
20250708_113829A_stabilized_3A.avi;7;General;3A_HSA_6;0.0;2.0;0.0;0;0;0;0.9833333333333333;1.3669381144918935;1.3901065571104;2.7336939827182722;48416.171778058386;2.7336939827182722;48416.17177805839;2.5840414492620365;0.014869948626673679;Modern;1;NA;0.0;0.0;4.378971128784036;41.07929958538443
20250708_113829A_stabilized_3A.avi;7;General;3A_HSA_4;0.0;2.0;0.0;0;0;0;1.0;3.546085235859125;3.546085235859125;7.091697691872125;40312.04144301734;7.091697691872125;40312.04144301735;4.292208130901522;0.024699648072488978;Modern;1;NA;0.0;0.0;3.047908060888095;39.33491829653428
20250708_113829A_stabilized_3A.avi;7;General;3A_HSA_5;0.0;2.0;0.0;0;0;0;1.0;3.579652303412958;3.579652303412958;7.158827351669139;15066.672725276836;7.158827351669139;15066.672725276838;7.39783792492755;0.042571093402370454;Modern;1;NA;0.0;0.0;2.977278086368367;36.60886370085696
20250708_113829A_stabilized_3A.avi;7;General;3A_HSA_2;0.0;2.0;0.0;0;0;0;0.9416666666666667;0.8711593890390595;0.925125014908736;1.7422026312360368;32919.95185323673;1.7422026312360368;32919.95185323673;1.9429517317084517;0.011180777476639295;Modern;1;NA;0.0;0.0;2.4527874117852853;35.9237988321371
20250708_113829A_stabilized_3A.avi;7;General;3A_HSA_1;0.0;2.0;0.0;0;0;0;1.0;9.729495270946995;9.729495270946996;19.457693362336503;3241.6021198437334;19.4576933623365;3241.602119843734;5.411303339613481;0.031139517009829698;Modern;1;NA;0.0;0.0;2.421011536512863;31.012372662078704
20250708_113829A_stabilized_3A.avi;7;General;3A_HSA_7;0.0;2.0;0.0;0;0;0;0.975;2.0261606307241733;2.0781134674094086;4.0520511247067;8680.170780298711;4.0520511247067;8680.170780298711;2.2325668234102904;0.012847376724242547;Modern;1;NA;0.0;0.0;2.8116327787020285;26.48410744107888
20250708_113829A_stabilized_3A.avi;7;General;3A_HSA_3;0.0;2.0;0.0;0;0;0;1.0;0.8796647373447131;0.8796647373447131;1.7592121938765006;39964.42468191141;1.7592121938765006;39964.424681911405;1.833291648442707;0.010549735043080781;Modern;1;NA;0.0;0.0;4.603506506395702;36.62563633431861
20250708_123330A_stabilized_4A.avi;0;General;4A_HT2_6;0.0;4.0;0.0;0;0;0;1.0;4.145894896493049;4.145894896493049;16.58247408769968;3412.756520155993;16.58247408769968;3412.756520155993;8.993525069530737;0.05490839528445675;Modern;1;NA;0.0;0.0;1.3276262106011694;38.14536429843104
20250708_123330A_stabilized_4A.avi;0;General;4A_HT2_2;0.0;4.0;0.0;0;0;0;1.0;2.536083199960144;2.536083199960144;10.143656556070171;6010.137937682502;10.143656556070171;6010.137937682502;2.576674864135488;0.015731437991850446;Modern;1;NA;0.0;0.0;3.9845080579131835;33.7554029396653
20250708_123330A_stabilized_4A.avi;0;General;4A_HT2_7;0.0;4.0;0.0;0;0;0;0.9833333333333333;4.840506080282931;4.9225485562199305;19.36073360555802;2428.9684090670294;19.36073360555802;2428.96840906703;5.7698156868679;0.035226601138449096;Modern;1;NA;0.0;0.0;2.519301454017056;29.258216034756096
20250708_123330A_stabilized_4A.avi;0;General;4A_HT2_5;0.0;4.0;0.0;0;0;0;1.0;2.2873124585941658;2.2873124585941658;9.148639925048325;3457.149933672948;9.148639925048325;3457.1499336729476;4.948285638737702;0.03021089302933217;Modern;1;NA;0.0;0.0;5.793239547772804;45.226687584790135
20250708_123330A_stabilized_4A.avi;0;General;4A_HT2_4;0.0;4.0;0.0;0;0;0;1.0;5.0441056531010515;5.0441056531010515;20.17507760723039;2208.190733715959;20.17507760723039;2208.190733715959;5.391529757728878;0.0329170425207627;Modern;1;NA;0.0;0.0;2.5989810253082237;36.963513432964284
20250708_123330A_stabilized_4A.avi;0;General;4A_HT2_1;0.0;4.0;0.0;0;0;0;0.9916666666666667;4.043779399898627;4.0777607393935735;16.17403933030582;2127.1700314847462;16.17403933030582;2127.1700314847462;2.393263504552932;0.014611651995396435;Modern;1;NA;0.0;0.0;1.329878301623334;41.14558710682411
20250708_123330A_stabilized_4A.avi;0;General;4A_HT2_3;0.0;4.0;0.0;0;0;0;1.0;3.1655974378386715;3.165597437838672;12.661545648311465;5788.474304074491;12.661545648311467;5788.474304074491;4.605663029517511;0.028119070577622942;Modern;1;NA;0.0;0.0;2.973786428748558;38.082423389836016
20250708_123330A_stabilized_4A.avi;1;General;4A_HS2_7;0.0;4.0;0.0;0;0;0;0.975;2.5392973799230205;2.6044075691518156;10.156512418864155;4968.5423145495915;10.156512418864157;4968.542314549593;6.917410374255974;0.04349462623932856;Modern;1;NA;0.0;0.0;2.6956164928108395;28.40126863338665
20250708_123330A_stabilized_4A.avi;1;General;4A_HS2_6;0.0;4.0;0.0;0;0;0;0.9833333333333333;1.2430378556818653;1.2641062939137617;4.971819968062922;7141.211101450085;4.971819968062923;7141.211101450086;2.822497033575997;0.01774702481059696;Modern;1;NA;0.0;0.0;2.6078303180240945;40.59933588267052
20250708_123330A_stabilized_4A.avi;1;General;4A_HS2_3;0.0;4.0;0.0;0;0;0;1.0;1.7868807732836167;1.786880773283617;7.147046623359577;11329.832642478652;7.147046623359577;11329.83264247865;3.078508722993314;0.019356750436467892;Modern;1;NA;0.0;0.0;3.6877753101359643;39.37456712943018
20250708_123330A_stabilized_4A.avi;1;General;4A_HS2_1;0.0;4.0;0.0;0;0;0;1.0;0.7333195423491456;0.7333195423491458;2.933082630554546;16395.844433345796;2.933082630554546;16395.844433345796;2.2582523648602177;0.014199221565518236;Modern;1;NA;0.0;0.0;4.585905810372193;41.92908912533801
20250708_123330A_stabilized_4A.avi;1;General;4A_HS2_4;0.0;4.0;0.0;0;0;0;1.0;0.6636195255612244;0.6636195255612246;2.6543011488349753;10672.348638618343;2.6543011488349757;10672.348638618343;1.715660426095157;0.010787564268896257;Modern;1;NA;0.0;0.0;3.740100950715478;42.62102854016661
20250708_123330A_stabilized_4A.avi;1;General;4A_HS2_2;0.0;4.0;0.0;0;0;0;0.925;1.047145675653921;1.1320493790853199;4.188303482383525;12290.615282323857;4.188303482383525;12290.615282323855;2.733338733778921;0.0171864238463633;Modern;1;NA;0.0;0.0;5.054571366448425;43.335404607127934
20250708_123330A_stabilized_4A.avi;1;General;4A_HS2_5;0.0;4.0;0.0;0;0;0;1.0;9.545588387285447;9.545588387285445;38.17980822859321;462.9110146790398;38.17980822859321;462.9110146790398;10.007382307223198;0.0629234539426265;Modern;1;NA;0.0;0.0;2.2726796995694807;32.26925581791536
20250708_123330A_stabilized_4A.avi;2;General;4A_CM1_1;0.0;4.0;0.0;0;0;0;1.0;1.6542110062533177;1.6542110062533175;6.616402931484505;5483.327899710983;6.6164029314845045;5483.327899710983;4.305072190201655;0.027072486984381257;Modern;1;NA;0.0;0.0;3.900541471141917;36.421951319037525
20250708_123330A_stabilized_4A.avi;2;General;4A_CM1_2;0.0;4.0;0.0;0;0;0;0.9916666666666667;1.232560602626846;1.2429182547497606;4.929913749590745;10933.298531740096;4.929913749590745;10933.298531740098;2.324484244709474;0.01461754104925911;Modern;1;NA;0.0;0.0;3.778032977642274;36.950784221056225
20250708_123330A_stabilized_4A.avi;2;General;4A_CM1_4;0.0;4.0;0.0;0;0;0;1.0;1.2168313735292522;1.2168313735292522;4.86700102738185;9496.660440337992;4.86700102738185;9496.660440337992;2.5078956042920297;0.01577092511013216;Modern;1;NA;0.0;0.0;3.2703640388048383;38.35821944054045
20250708_123330A_stabilized_4A.avi;2;General;4A_CM1_7;0.0;4.0;0.0;0;0;0;0.9916666666666667;0.8438576741243723;0.8509489150834006;3.375205682785303;11972.860092582758;3.3752056827853036;11972.86009258276;2.2748103348225315;0.014305166199439327;Modern;1;NA;0.0;0.0;3.670585509073286;26.41556970213896
20250708_123330A_stabilized_4A.avi;2;General;4A_CM1_6;0.0;4.0;0.0;0;0;0;0.9916666666666667;1.125344775477789;1.1348014542633165;4.501079029975823;12244.227479327566;4.5010790299758225;12244.227479327566;1.6583443762256083;0.010428514217060472;Modern;1;NA;0.0;0.0;4.485878637611014;41.80472609127326
20250708_123330A_stabilized_4A.avi;2;General;4A_CM1_3;0.0;4.0;0.0;0;0;0;1.0;0.9792816634391683;0.9792816634391682;3.9168655293880477;11658.518134029922;3.9168655293880477;11658.51813402992;1.936008795593644;0.012174609531437725;Modern;1;NA;0.0;0.0;3.2703640388048383;34.58645959729155
20250708_123330A_stabilized_4A.avi;2;General;4A_CM1_5;0.0;4.0;0.0;0;0;0;1.0;0.5692550408813091;0.5692550408813091;2.276868372300416;13711.584905733895;2.2768683723004166;13711.584905733895;1.216373947231533;0.007649179014817781;Modern;1;NA;0.0;0.0;3.762659520255153;34.84625197089962
20250708_123330A_stabilized_4A.avi;3;General;4A_Control1_5;0.0;4.0;0.0;0;0;0;0.9916666666666667;1.2062867995833222;1.216423663445367;4.824825543297071;12655.650277251885;4.824825543297071;12655.650277251883;3.6465744617003963;0.022709605774569683;Modern;1;NA;0.0;0.0;3.160456513912971;40.80863594632257
20250708_123330A_stabilized_4A.avi;3;General;4A_Control1_2;0.0;4.0;0.0;0;0;0;0.9916666666666667;1.46985711313685;1.4822088535833782;5.879036516779615;9538.97225195551;5.879036516779614;9538.972251955509;3.40329967225409;0.02119457444276989;Modern;1;NA;0.0;0.0;2.0425353321941397;38.21095445105694
20250708_123330A_stabilized_4A.avi;3;General;4A_Control1_1;0.0;4.0;0.0;0;0;0;0.9166666666666666;1.3253776080982083;1.445866481561682;5.3011570219247055;13911.81764248602;5.3011570219247055;13911.81764248602;4.818369259033392;0.03000713889109225;Modern;1;NA;0.0;0.0;3.4966741126802607;39.502764362252655
20250708_123330A_stabilized_4A.avi;3;General;4A_Control1_7;0.0;4.0;0.0;0;0;0;1.0;0.8561920771621968;0.8561920771621968;3.4245400059817217;8721.834857882024;3.4245400059817217;8721.834857882024;2.393263504552932;0.014904418180375982;Modern;1;NA;0.0;0.0;3.4133702595965745;28.901509111654384
20250708_123330A_stabilized_4A.avi;3;General;4A_Control1_4;0.0;4.0;0.0;0;0;0;1.0;1.1606716477678498;1.1606716477678498;4.642377099264782;11954.643332073778;4.642377099264781;11954.643332073778;4.001933970891598;0.02492266201316729;Modern;1;NA;0.0;0.0;3.1631127241124655;40.91192775385781
20250708_123330A_stabilized_4A.avi;3;General;4A_Control1_6;0.0;4.0;0.0;0;0;0;1.0;0.6528240853432852;0.6528240853432851;2.6111222665553706;16707.14084072821;2.6111222665553697;16707.14084072821;2.0544619653240446;0.012794479257555327;Modern;1;NA;0.0;0.0;3.797638816018068;37.421266392920735
20250708_123330A_stabilized_4A.avi;3;General;4A_Control1_3;0.0;4.0;0.0;0;0;0;1.0;1.1002570386374464;1.1002570386374464;4.400734772231636;22514.06972993614;4.400734772231637;22514.069729936138;2.8632551134832314;0.01783136352819862;Modern;1;NA;0.0;0.0;2.0425353321941397;37.60957391372589
20250708_123330A_stabilized_4A.avi;4;General;4A_Control2_4;0.0;4.0;0.0;0;0;0;1.0;0.4430207108735772;0.4430207108735772;1.771964712513474;17779.178738396593;1.771964712513474;17779.178738396593;1.2775110670923848;0.008196185464232598;Modern;1;NA;0.0;0.0;3.4079209714380894;34.16906215857652
20250708_123330A_stabilized_4A.avi;4;General;4A_Control2_5;0.0;4.0;0.0;0;0;0;1.0;0.8232138544690032;0.8232138544690033;3.2926359088154253;11001.513946730358;3.2926359088154253;11001.513946730358;2.5270009542485456;0.01621259417850197;Modern;1;NA;0.0;0.0;3.8679117488615233;38.84437267878901
20250708_123330A_stabilized_4A.avi;4;General;4A_Control2_3;0.0;4.0;0.0;0;0;0;1.0;0.5133359466693123;0.5133359466693121;2.0532069062168348;13455.830372192791;2.0532069062168343;13455.830372192791;1.359027226906854;0.008719172373216533;Modern;1;NA;0.0;0.0;4.282106807641401;43.14688572391612
20250708_123330A_stabilized_4A.avi;4;General;4A_Control2_6;0.0;4.0;0.0;0;0;0;1.0;0.8918681979894744;0.8918681979894744;3.567234976292812;11767.845424038529;3.5672349762928115;11767.84542403853;3.3472573123816423;0.02147514995015281;Modern;1;NA;0.0;0.0;4.156419790160919;38.73329098215029
20250708_123330A_stabilized_4A.avi;4;General;4A_Control2_7;0.0;4.0;0.0;0;0;0;1.0;1.0326455184438335;1.0326455184438335;4.130306719994001;8491.256714115343;4.1303067199940005;8491.256714115343;1.951293075558857;0.012518999133802932;Modern;1;NA;0.0;0.0;3.4079209714380894;28.12314087193777
20250708_123330A_stabilized_4A.avi;4;General;4A_Control2_2;0.0;4.0;0.0;0;0;0;1.0;0.5231109831406624;0.5231109831406624;2.092304445599609;13785.875701640076;2.092304445599609;13785.875701640076;1.4634698066691427;0.0093892493503522;Modern;1;NA;0.0;0.0;4.652853814912735;41.43120948119966
20250708_123330A_stabilized_4A.avi;4;General;4A_Control2_1;0.0;4.0;0.0;0;0;0;1.0;0.6083715390953562;0.6083715390953562;2.4333239347857725;14683.909081193768;2.4333239347857725;14683.909081193766;1.983135325486384;0.012723290895124782;Modern;1;NA;0.0;0.0;4.258612900507673;41.83285766443385
20250708_123330A_stabilized_4A.avi;5;General;4A_HT1_2;0.0;4.0;0.0;0;0;0;1.0;0.4148969218525315;0.4148969218525315;1.6594770556064191;20201.709122947817;1.659477055606419;20201.709122947817;1.2431214371706556;0.008357738615150113;Modern;1;NA;0.0;0.0;4.2340789808616455;43.217513922476684
20250708_123330A_stabilized_4A.avi;5;General;4A_HT1_1;0.0;4.0;0.0;0;0;0;0.975;0.3921740756663833;0.4022298211962906;1.5685917298835408;29745.58756850387;1.5685917298835408;29745.587568503874;1.8468504957965683;0.012416722327835722;Modern;1;NA;0.0;0.0;4.7789711956281;42.099648415733085
20250708_123330A_stabilized_4A.avi;5;General;4A_HT1_3;0.0;4.0;0.0;0;0;0;1.0;0.6295849874145746;0.6295849874145746;2.5181720715201967;15458.256190505193;2.5181720715201967;15458.256190505192;1.764060645984998;0.01186011063727757;Modern;1;NA;0.0;0.0;4.23452220462054;42.530864435877604
20250708_123330A_stabilized_4A.avi;5;General;4A_HT1_5;0.0;4.0;0.0;0;0;0;1.0;1.3808341832285282;1.380834183228528;5.5229685350117785;18132.379333923313;5.5229685350117785;18132.379333923316;4.205724370427771;0.028275873880354175;Modern;1;NA;0.0;0.0;1.9605211641274596;38.456033516264505
20250708_123330A_stabilized_4A.avi;5;General;4A_HT1_7;0.0;4.0;0.0;0;0;0;1.0;6.396915571326681;6.396915571326679;25.58595655486973;915.0952048181806;25.58595655486973;915.0952048181806;9.853265817573966;0.06624535443319804;Modern;1;NA;0.0;0.0;1.7805989403318263;32.95022357776345
20250708_123330A_stabilized_4A.avi;5;General;4A_HT1_4;0.0;4.0;0.0;0;0;0;1.0;0.4033153239629726;0.4033153239629725;1.6131537522684054;20647.800879635786;1.6131537522684054;20647.800879635786;1.1998159772692187;0.008066587884704312;Modern;1;NA;0.0;0.0;4.532541435431982;39.5355432672553
20250708_123330A_stabilized_4A.avi;5;General;4A_HT1_6;0.0;4.0;0.0;0;0;0;1.0;5.083284207855121;5.083284207855121;20.331781379328525;2424.5471958720595;20.331781379328525;2424.547195872059;3.5204791519873893;0.02366884173388823;Modern;1;NA;0.0;0.0;3.0944745629916217;37.33627788276115
20250708_123330A_stabilized_4A.avi;6;General;4A_HS1_6;0.0;4.0;0.0;0;0;0;1.0;0.4492596647214525;0.4492596647214525;1.7969188642948568;18044.27058575975;1.796918864294857;18044.27058575975;1.2838795170778903;0.008716857780314429;Modern;1;NA;0.0;0.0;3.6054670682363708;34.21153012614108
20250708_123330A_stabilized_4A.avi;6;General;4A_HS1_3;0.0;4.0;0.0;0;0;0;1.0;0.4893883571589684;0.4893883571589684;1.957422933773622;12625.326911105361;1.957422933773622;12625.326911105361;1.3399218769503378;0.00909735554056625;Modern;1;NA;0.0;0.0;3.336136089420274;31.847926753975184
20250708_123330A_stabilized_4A.avi;6;General;4A_HS1_2;0.0;4.0;0.0;0;0;0;1.0;0.4224833117009468;0.42248331170094683;1.6898205920976472;21398.84432965355;1.6898205920976475;21398.844329653548;1.3781325768633703;0.009356785831647037;Modern;1;NA;0.0;0.0;3.327252157423616;35.27514924678714
20250708_123330A_stabilized_4A.avi;6;General;4A_HS1_7;0.0;4.0;0.0;0;0;0;1.0;0.4287725108339225;0.4287725108339225;1.7149757116215818;19602.753179164447;1.7149757116215816;19602.753179164447;1.2405740571764534;0.008422836783756205;Modern;1;NA;0.0;0.0;3.6054670682363708;24.715188777363817
20250708_123330A_stabilized_4A.avi;6;General;4A_HS1_4;0.0;4.0;0.0;0;0;0;1.0;1.5909037697991983;1.5909037697991986;6.363190866472363;7303.615329956633;6.363190866472363;7303.615329956634;4.143313560569818;0.028130891229526625;Modern;1;NA;0.0;0.0;3.3815358502392465;34.79272353336304
20250708_123330A_stabilized_4A.avi;6;General;4A_HS1_5;0.0;4.0;0.0;0;0;0;1.0;0.45456290519568987;0.45456290519568987;1.8181304120886201;16319.696732794848;1.81813041208862;16319.69673279485;1.4112485167879985;0.009581625417250385;Modern;1;NA;0.0;0.0;3.693424400754703;38.0730006423825
20250708_123330A_stabilized_4A.avi;6;General;4A_HS1_1;0.0;4.0;0.0;0;0;0;1.0;0.5466964097442115;0.5466964097442115;2.18663986298598;18651.108660972455;2.18663986298598;18651.10866097246;1.9232718956226331;0.013057991317732925;Modern;1;NA;0.0;0.0;3.327252157423616;33.66379252353488
20250708_123330A_stabilized_4A.avi;7;General;4A_CM2_1;0.0;4.0;0.0;0;0;0;1.0;0.6266458748395586;0.6266458748395587;2.506416404931239;12407.072026509342;2.5064164049312394;12407.072026509342;1.7003761461299438;0.011670294511027773;Modern;1;NA;0.0;0.0;3.9530687992883142;35.397204879362675
20250708_123330A_stabilized_4A.avi;7;General;4A_CM2_4;0.0;4.0;0.0;0;0;0;1.0;0.5749737615504193;0.5749737615504192;2.2997417300863385;19225.183152652327;2.299741730086338;19225.183152652324;1.5246069265299946;0.010463926988539509;Modern;1;NA;0.0;0.0;3.6415756562453128;33.721394231202126
20250708_123330A_stabilized_4A.avi;7;General;4A_CM2_3;0.0;4.0;0.0;0;0;0;1.0;2.206934247765066;2.206934247765066;8.82714851449263;11269.842275990939;8.82714851449263;11269.842275990939;2.3652423246167085;0.01623351079174425;Modern;1;NA;0.0;0.0;3.1032774392037172;34.72362985426799
20250708_123330A_stabilized_4A.avi;7;General;4A_CM2_7;0.0;4.0;0.0;0;0;0;1.0;2.309788872802452;2.309788872802452;9.23853958857057;5899.862542647528;9.238539588570571;5899.862542647528;6.334060355583679;0.043472939777783604;Modern;1;NA;0.0;0.0;1.725846929051717;27.14591806795053
20250708_123330A_stabilized_4A.avi;7;General;4A_CM2_5;0.0;4.0;0.0;0;0;0;1.0;0.4264462374759583;0.4264462374759583;1.7056712384879338;21862.329033597245;1.7056712384879338;21862.32903359725;1.2940690370546988;0.008881662339478815;Modern;1;NA;0.0;0.0;4.03623647162263;35.975682381506715
20250708_123330A_stabilized_4A.avi;7;General;4A_CM2_2;0.0;4.0;0.0;0;0;0;0.9833333333333333;2.8669868601536463;2.91557985778337;11.467182961750467;8890.825515648032;11.467182961750465;8890.82551564803;5.559656837346221;0.03815792924392227;Modern;1;NA;0.0;0.0;3.257178820633198;36.09975409265689
20250708_123330A_stabilized_4A.avi;7;General;4A_CM2_6;0.0;4.0;0.0;0;0;0;1.0;3.221430550281718;3.2214305502817187;12.88486321024619;6230.779554686832;12.88486321024619;6230.779554686831;2.109230635199391;0.01447641026985917;Modern;1;NA;0.0;0.0;1.725846929051717;32.10835764135308
20250708_152706A_stabilized_5A.avi;0;General;5A_CMA_5;0.0;1.98;0.0;0;0;0;0.9663865546218487;4.2479612508593725;4.395716424802307;8.424421112445051;4648.909011324101;8.424421112445051;4648.9090113241;3.6998630690054037;0.02149951804199321;Modern;1;NA;0.0;0.0;1.1403043817685519;35.78848833432016
20250708_152706A_stabilized_5A.avi;0;General;5A_CMA_2;0.0;1.98;0.0;0;0;0;1.0;1.3363273397831432;1.336327339783143;2.6501617104273656;9772.138853267621;2.6501617104273656;9772.138853267621;1.3948411648063257;0.008105276392439546;Modern;1;NA;0.0;0.0;4.5129397788302095;42.25402160929801
20250708_152706A_stabilized_5A.avi;0;General;5A_CMA_4;0.0;1.98;0.0;0;0;0;1.0;4.225915198217046;4.225915198217046;8.380700084790075;7487.838054574899;8.380700084790076;7487.8380545749005;1.5232184798712305;0.008851263568165625;Modern;1;NA;0.0;0.0;4.442671405419979;38.932827399542425
20250708_152706A_stabilized_5A.avi;0;General;5A_CMA_3;0.0;1.98;0.0;0;0;0;1.0;2.196634111108321;2.196634111108322;4.356294629145742;14603.22610747743;4.356294629145743;14603.226107477429;3.1084619546614602;0.018062947906625874;Modern;1;NA;0.0;0.0;4.445123892400822;40.729634323462314
20250708_152706A_stabilized_5A.avi;0;General;5A_CMA_1;0.0;1.98;0.0;0;0;0;0.9159663865546218;2.344098105408224;2.5591529774640245;4.64874051401681;8190.108455262957;4.648740514016809;8190.108455262956;3.1863538087457846;0.01851556933908889;Modern;1;NA;0.0;0.0;4.324844343253908;41.515444826449816
20250708_152706A_stabilized_5A.avi;0;General;5A_CMA_6;0.0;1.98;0.0;0;0;0;1.0;7.9986237291626106;7.99862372916261;15.862615178240986;4476.562263181451;15.862615178240988;4476.562263181452;10.260088112996272;0.05962030090943381;Modern;1;NA;0.0;0.0;1.139455473351577;33.978900120979155
20250708_152706A_stabilized_5A.avi;0;General;5A_CMA_7;0.0;1.98;0.0;0;0;0;0.9915966386554622;9.796728176466779;9.879751296606328;19.42855850345049;5492.394972035333;19.428558503450486;5492.394972035332;4.160001984799838;0.024173337244876577;Modern;1;NA;0.0;0.0;3.7675172584298466;28.43477156269253
20250708_152706A_stabilized_5A.avi;1;General;5A_HSA_6;0.0;1.98;0.0;0;0;0;0.9915966386554622;12.538143716742857;12.64439917196949;24.865246267684356;4705.603075441763;24.865246267684352;4705.603075441764;11.142862459285281;0.06318346515298986;Modern;1;NA;0.0;0.0;1.6581984795481814;40.22752736350599
20250708_152706A_stabilized_5A.avi;1;General;5A_HSA_1;0.0;1.98;0.0;0;0;0;1.0;8.937618384547353;8.937618384547354;17.724799396069244;6937.092613876667;17.724799396069244;6937.092613876669;6.411653544533731;0.03635605211715728;Modern;1;NA;0.0;0.0;1.5514375295000598;40.16443055767561
20250708_152706A_stabilized_5A.avi;1;General;5A_HSA_7;0.0;1.98;0.0;0;0;0;0.957983193277311;3.214647760565917;3.3556410833977552;6.375186792889661;9091.616166678978;6.375186792889662;9091.61616667898;3.0522067267116704;0.0173069530438481;Modern;1;NA;0.0;0.0;3.029119708029825;28.806372417163356
20250708_152706A_stabilized_5A.avi;1;General;5A_HSA_2;0.0;1.98;0.0;0;0;0;0.9747899159663865;7.84968620476051;8.052695330745694;15.56724703552205;5070.282291194013;15.56724703552205;5070.282291194014;7.768991224040197;0.04405257518627876;Modern;1;NA;0.0;0.0;3.5374540905483864;36.026199742520184
20250708_152706A_stabilized_5A.avi;1;General;5A_HSA_3;0.0;1.98;0.0;0;0;0;1.0;5.7978428713650585;5.797842871365058;11.498096853469576;16357.947215231492;11.498096853469576;16357.947215231494;8.322888853084281;0.04719334549291282;Modern;1;NA;0.0;0.0;2.874298106866989;34.825135503967324
20250708_152706A_stabilized_5A.avi;1;General;5A_HSA_5;0.0;1.98;0.0;0;0;0;1.0;0.5847800972391215;0.5847800972391216;1.159717216422889;22341.32710349442;1.1597172164228893;22341.32710349441;1.113565025057377;0.0063142569706288905;Modern;1;NA;0.0;0.0;5.1003517628126644;44.82817872727664
20250708_152706A_stabilized_5A.avi;1;General;5A_HSA_4;0.0;1.98;0.0;0;0;0;1.0;2.403140710613392;2.4031407106133917;4.765831923389612;14205.894962071254;4.765831923389613;14205.894962071254;3.0925950954961348;0.0175359675453735;Modern;1;NA;0.0;0.0;4.661331292387057;43.90370395967005
20250708_152706A_stabilized_5A.avi;2;General;5A_HTB_4;0.0;1.98;0.0;0;0;0;0.9915966386554622;4.5317208570071665;4.5701252710496;8.98716410272232;6735.4334554220895;8.987164102722318;6735.43345542209;6.713123868674912;0.038034373135670096;Modern;1;NA;0.0;0.0;1.0911517019833985;38.395282446488594
20250708_152706A_stabilized_5A.avi;2;General;5A_HTB_2;0.0;1.98;0.0;0;0;0;0.9495798319327731;3.2663529031410534;3.4397875705644716;6.4777267806647;6758.800478019783;6.477726780664699;6758.800478019783;4.298476392060859;0.024353767070111065;Modern;1;NA;0.0;0.0;4.614421772131476;43.430317271090225
20250708_152706A_stabilized_5A.avi;2;General;5A_HTB_6;0.0;1.98;0.0;0;0;0;1.0;0.7682879897866062;0.7682879897866062;1.5236442093926525;21518.80758399341;1.5236442093926523;21518.80758399341;1.3991684900332326;0.007927232905371721;Modern;1;NA;0.0;0.0;4.109497489276351;39.655942434286146
20250708_152706A_stabilized_5A.avi;2;General;5A_HTB_5;0.0;1.98;0.0;0;0;0;0.9663865546218487;4.454072500221913;4.608996761099196;8.83317436091005;10053.414760323298;8.83317436091005;10053.414760323301;5.899586726016414;0.03342513668347458;Modern;1;NA;0.0;0.0;1.0910257957214087;37.61339262155765
20250708_152706A_stabilized_5A.avi;2;General;5A_HTB_7;0.0;1.98;0.0;0;0;0;0.9327731092436975;2.06907178310779;2.218194073782225;4.103317093405999;9813.698551469199;4.103317093405999;9813.698551469197;2.8747863924084873;0.01628760327876891;Modern;1;NA;0.0;0.0;3.880230215121887;29.286670952873212
20250708_152706A_stabilized_5A.avi;2;General;5A_HTB_3;0.0;1.98;0.0;0;0;0;1.0;2.8506697895860746;2.8506697895860746;5.653357302903807;11957.230364141002;5.653357302903808;11957.230364141;3.8181432918741924;0.021632356186102007;Modern;1;NA;0.0;0.0;4.912901000743374;46.22161229987684
20250708_152706A_stabilized_5A.avi;2;General;5A_HTB_1;0.0;1.98;0.0;0;0;0;1.0;1.4103124215217353;1.410312421521735;2.7968865621379297;18587.647729065782;2.7968865621379293;18587.647729065782;1.7886277604548542;0.010133782270784469;Modern;1;NA;0.0;0.0;4.360053702111581;39.04375910637186
20250708_152706A_stabilized_5A.avi;3;General;5A_ControlB_2;0.0;1.98;0.0;0;0;0;1.0;1.069969894088397;1.0699698940883968;2.121930129097896;15767.496235434399;2.1219301290978967;15767.496235434402;1.6934266054629021;0.009039182623826792;Modern;1;NA;0.0;0.0;3.6237385387609575;39.43780764201499
20250708_152706A_stabilized_5A.avi;3;General;5A_ControlB_6;0.0;1.98;0.0;0;0;0;1.0;0.9182749640417393;0.9182749640417393;1.8210935875504874;13529.888667594394;1.8210935875504877;13529.888667594396;1.3414708203411405;0.007160510937102996;Modern;1;NA;0.0;0.0;4.486941701545995;38.99597983254882
20250708_152706A_stabilized_5A.avi;3;General;5A_ControlB_5;0.0;1.98;0.0;0;0;0;1.0;1.2938464697257608;1.293846469725761;2.565915005372311;11377.233123331578;2.5659150053723114;11377.23312333158;1.5607219651710904;0.00833083100424241;Modern;1;NA;0.0;0.0;3.764782381970451;38.069031468857254
20250708_152706A_stabilized_5A.avi;3;General;5A_ControlB_4;0.0;1.98;0.0;0;0;0;1.0;1.2387796797691182;1.2387796797691184;2.45670830584993;18732.010877431898;2.45670830584993;18732.010877431898;1.8145917118162955;0.009685938450403837;Modern;1;NA;0.0;0.0;4.1455632928775294;39.10556995514533
20250708_152706A_stabilized_5A.avi;3;General;5A_ControlB_1;0.0;1.98;0.0;0;0;0;1.0;0.8827587996900403;0.8827587996900402;1.7506590644632078;20465.264996915026;1.7506590644632078;20465.26499691503;1.3746469804140935;0.007337598841999092;Modern;1;NA;0.0;0.0;4.496237984110472;39.685961155510164
20250708_152706A_stabilized_5A.avi;3;General;5A_ControlB_7;0.0;1.98;0.0;0;0;0;1.0;0.7497158821124613;0.7497158821124612;1.4868125984731755;22358.943630741476;1.4868125984731753;22358.943630741476;1.3789743056410004;0.007360697264376843;Modern;1;NA;0.0;0.0;3.764782381970451;27.58445338081431
20250708_152706A_stabilized_5A.avi;3;General;5A_ControlB_3;0.0;1.98;0.0;0;0;0;1.0;0.7159948421401401;0.7159948421401399;1.4199381087355498;18319.799612966974;1.4199381087355498;18319.799612966974;1.5477399894903696;0.008261535737109155;Modern;1;NA;0.0;0.0;3.6237385387609575;35.699620067725526
20250708_152706A_stabilized_5A.avi;4;General;5A_CMB_6;0.0;1.98;0.0;0;0;0;1.0;1.1034400287628137;1.1034400287628139;2.188307031460292;11589.018741344438;2.188307031460292;11589.018741344438;1.2751185001952348;0.007189914599430663;Modern;1;NA;0.0;0.0;4.162571910200108;46.751518752503806
20250708_152706A_stabilized_5A.avi;4;General;5A_CMB_2;0.0;1.98;0.0;0;0;0;0.9327731092436975;2.352746912917071;2.5223142579921753;4.665892552906115;13227.656212747876;4.665892552906114;13227.656212747877;3.1632747408689474;0.017836518910126067;Modern;1;NA;0.0;0.0;5.4385947567530675;44.363284701975104
20250708_152706A_stabilized_5A.avi;4;General;5A_CMB_5;0.0;1.98;0.0;0;0;0;1.0;1.4998139469857368;1.4998139469857372;2.974383129594245;12174.341850154418;2.974383129594245;12174.341850154418;2.429071894037076;0.013696624644164294;Modern;1;NA;0.0;0.0;3.9679916799135633;41.29065655349496
20250708_152706A_stabilized_5A.avi;4;General;5A_CMB_3;0.0;1.98;0.0;0;0;0;0.957983193277311;2.8434124082254524;2.968123478761656;5.638964695922486;11031.80273430883;5.6389646959224855;11031.802734308832;4.048933970642561;0.02283041886945913;Modern;1;NA;0.0;0.0;1.410110543791436;41.46433851522687
20250708_152706A_stabilized_5A.avi;4;General;5A_CMB_1;0.0;1.98;0.0;0;0;0;1.0;0.7565362842108585;0.7565362842108586;1.5003386021346914;16454.506066080474;1.5003386021346912;16454.506066080474;1.2376150148953748;0.00697844652297682;Modern;1;NA;0.0;0.0;5.770918942068629;47.20082255225239
20250708_152706A_stabilized_5A.avi;4;General;5A_CMB_4;0.0;1.98;0.0;0;0;0;0.9747899159663865;3.786899016569469;3.884836060101438;7.510057211428494;8198.694392690404;7.510057211428492;8198.694392690404;6.126050079557875;0.03454249694997966;Modern;1;NA;0.0;0.0;1.410110543791436;40.73622876273785
20250708_152706A_stabilized_5A.avi;4;General;5A_CMB_7;0.0;1.98;0.0;0;0;0;1.0;5.748669578654296;5.7486695786542965;11.400577949501896;10578.12395837898;11.400577949501898;10578.123958378981;6.0207518323698075;0.03394875965839772;Modern;1;NA;0.0;0.0;4.050891401666905;31.467039939532015
20250708_152706A_stabilized_5A.avi;5;General;5A_ControlA_5;0.0;1.98;0.0;0;0;0;1.0;0.6437382630567069;0.6437382630567068;1.2766411682984438;22115.888418360613;1.2766411682984433;22115.888418360617;1.1813597869455852;0.006727065143288952;Modern;1;NA;0.0;0.0;4.868035362823525;44.92204659864267
20250708_152706A_stabilized_5A.avi;5;General;5A_ControlA_6;0.0;1.98;0.0;0;0;0;1.0;0.8009498197937674;0.8009498197937674;1.5884181077486597;21116.128437942833;1.5884181077486599;21116.128437942836;1.6140923096362756;0.00919119156940212;Modern;1;NA;0.0;0.0;5.408883862238119;45.05279847056695
20250708_152706A_stabilized_5A.avi;5;General;5A_ControlA_1;0.0;1.98;0.0;0;0;0;0.9663865546218487;7.04174651189407;7.286676825351254;13.964966834687015;5368.619246389386;13.964966834687015;5368.619246389387;3.720057253397636;0.021183273509819543;Modern;1;NA;0.0;0.0;2.7620989818365476;37.90085107838358
20250708_152706A_stabilized_5A.avi;5;General;5A_ControlA_2;0.0;1.98;0.0;0;0;0;0.9663865546218487;7.677551339881678;7.944596603877564;15.225874667876337;5686.622495778732;15.225874667876338;5686.6224957787335;7.098255813869627;0.04041988714300968;Modern;1;NA;0.0;0.0;2.3711742936626483;36.867121344074576
20250708_152706A_stabilized_5A.avi;5;General;5A_ControlA_7;0.0;1.98;0.0;0;0;0;0.9915966386554622;14.491781130783101;14.614592835281263;28.739637606252632;1255.3421546878571;28.739637606252625;1255.3421546878571;14.793682509052406;0.08424026875405555;Modern;1;NA;0.0;0.0;2.2444567640824205;37.29641290409596
20250708_152706A_stabilized_5A.avi;5;General;5A_ControlA_3;0.0;1.98;0.0;0;0;0;0.9831932773109243;4.2381866374097115;4.3106342722372295;8.405036411161664;12528.337659469444;8.405036411161662;12528.337659469445;7.636286583748385;0.043483617666143726;Modern;1;NA;0.0;0.0;3.554624147602683;36.85569740084111
20250708_152706A_stabilized_5A.avi;5;General;5A_ControlA_4;0.0;1.98;0.0;0;0;0;1.0;0.657399682640744;0.657399682640744;1.3037340593991922;22312.928840611545;1.3037340593991922;22312.928840611545;1.2159783887608404;0.006924195257378005;Modern;1;NA;0.0;0.0;4.16449330005543;45.681500312665456
20250708_152706A_stabilized_5A.avi;6;General;5A_HTA_3;0.0;1.98;0.0;0;0;0;0.9831932773109243;5.51088259877731;5.60508572012393;10.929006403708023;5359.304601552573;10.929006403708025;5359.304601552572;4.239336280626465;0.023312630384947925;Modern;1;NA;0.0;0.0;3.357951296218487;38.44909252702145
20250708_152706A_stabilized_5A.avi;6;General;5A_HTA_2;0.0;1.98;0.0;0;0;0;0.9831932773109243;12.069585584462825;12.275903286761334;23.936016741122838;2750.576762180981;23.936016741122838;2750.5767621809805;9.867743959090046;0.054263934829339486;Modern;1;NA;0.0;0.0;2.813074290891492;36.804221957176
20250708_152706A_stabilized_5A.avi;6;General;5A_HTA_5;0.0;1.98;0.0;0;0;0;0.9243697478991597;1.6308150136807575;1.7642453329819103;3.2341802621116593;15822.578579658652;3.234180262111659;15822.57857965865;2.573316068267306;0.014150980812094965;Modern;1;NA;0.0;0.0;4.538331277320544;42.23014751984835
20250708_152706A_stabilized_5A.avi;6;General;5A_HTA_1;0.0;1.98;0.0;0;0;0;0.9915966386554622;11.63862025622176;11.737252631274487;23.081340063167893;1417.7955699702272;23.081340063167893;1417.7955699702275;9.59512246979491;0.052764755808327186;Modern;1;NA;0.0;0.0;2.438151719824369;32.4815820714023
20250708_152706A_stabilized_5A.avi;6;General;5A_HTA_7;0.0;1.98;0.0;0;0;0;0.9915966386554622;5.605521335152912;5.653025753247428;11.116690923809625;7120.795561375444;11.116690923809626;7120.795561375443;6.366937850522359;0.03501257248014976;Modern;1;NA;0.0;0.0;2.407124591772322;27.74549805580719
20250708_152706A_stabilized_5A.avi;6;General;5A_HTA_6;0.0;1.98;0.0;0;0;0;0.9747899159663865;6.84166269500587;7.018602247462917;13.568166997845154;9648.437062786568;13.568166997845154;9648.437062786566;7.610322632386944;0.04185009796222704;Modern;1;NA;0.0;0.0;4.595386430959146;46.11750592959811
20250708_152706A_stabilized_5A.avi;6;General;5A_HTA_4;0.0;1.98;0.0;0;0;0;1.0;1.5915002181039355;1.5915002181039353;3.156212414871566;22634.391882276483;3.1562124148715656;22634.391882276486;2.222802724887847;0.012223464927936288;Modern;1;NA;0.0;0.0;4.523778810611586;38.18126990384142
20250708_152706A_stabilized_5A.avi;7;General;5A_HSB_4;0.0;1.98;0.0;0;0;0;0.9831932773109243;2.511657878796493;2.554592201510963;4.981039706304187;14186.114165314448;4.981039706304186;14186.114165314448;3.2786700802531317;0.0184781725063003;Modern;1;NA;0.0;0.0;4.483213485764749;44.5618995344099
20250708_152706A_stabilized_5A.avi;7;General;5A_HSB_2;0.0;1.98;0.0;0;0;0;0.9747899159663865;3.386289743104389;3.473866201977778;6.715581692016036;9809.753997551674;6.715581692016037;9809.753997551672;3.936423514742981;0.022185188196081618;Modern;1;NA;0.0;0.0;3.6773946160175512;42.43128885268949
20250708_152706A_stabilized_5A.avi;7;General;5A_HSB_7;0.0;1.98;0.0;0;0;0;0.9747899159663865;4.206062675913183;4.314840158910938;8.34132919646144;16588.718908466217;8.34132919646144;16588.718908466213;5.3125129368993775;0.02994065523128201;Modern;1;NA;0.0;0.0;3.631891234557047;30.05436410943858
20250708_152706A_stabilized_5A.avi;7;General;5A_HSB_5;0.0;1.98;0.0;0;0;0;0.9915966386554622;1.6714082478432597;1.6855727245198975;3.3146834679334702;15915.204172074094;3.3146834679334702;15915.20417207409;2.3526224816950543;0.013259084627266077;Modern;1;NA;0.0;0.0;3.786646109742211;38.392185603512196
20250708_152706A_stabilized_5A.avi;7;General;5A_HSB_6;0.0;1.98;0.0;0;0;0;0.9243697478991597;5.269668114784593;5.7008227787215136;10.450637541194341;10591.21947415228;10.45063754119434;10591.219474152282;5.080279816388707;0.028631818551337288;Modern;1;NA;0.0;0.0;4.250972236130069;41.62081723081211
20250708_152706A_stabilized_5A.avi;7;General;5A_HSB_1;0.0;1.98;0.0;0;0;0;0.9495798319327731;1.3370889279145508;1.4080848001931998;2.6516720676915524;17111.827334313486;2.6516720676915515;17111.827334313486;2.1910690065571963;0.012348589545565402;Modern;1;NA;0.0;0.0;4.982118961202568;43.204605717792916
20250708_152706A_stabilized_5A.avi;7;General;5A_HSB_3;0.0;1.98;0.0;0;0;0;1.0;13.987768495628819;13.987768495628819;27.740095841677018;1224.5783845583746;27.74009584167702;1224.5783845583753;11.093819440047003;0.06252337208357044;Modern;1;NA;0.0;0.0;3.471866398684879;37.54205881766162
20250708_160523A_stabilized_6A.avi;0;General;6A_HT2_7;0.0;3.97;0.0;0;0;0;1.0;1.2673508974104686;1.2673508974104686;5.026823438165646;27930.08731548015;5.026823438165645;27930.087315480137;1.648634279739097;0.009763467045480168;Modern;1;NA;0.0;0.0;4.344025010170045;32.21279015580222
20250708_160523A_stabilized_6A.avi;0;General;6A_HT2_4;0.0;3.97;0.0;0;0;0;1.0;0.3496046687109827;0.3496046687109827;1.3866727410374962;39824.237189651256;1.386672741037496;39824.237189651256;1.7019388522941716;0.010079144963809782;Modern;1;NA;0.0;0.0;5.960063674193301;51.012334401710696
20250708_160523A_stabilized_6A.avi;0;General;6A_HT2_5;0.0;3.97;0.0;0;0;0;1.0;0.4569864269229281;0.4569864269229282;1.8125919873284595;43450.34240458835;1.8125919873284597;43450.34240458835;1.9951140013470827;0.011815373514622652;Modern;1;NA;0.0;0.0;5.1860308057567135;46.78304321272498
20250708_160523A_stabilized_6A.avi;0;General;6A_HT2_1;0.0;3.97;0.0;0;0;0;0.8907563025210085;6.655501970739469;7.471742778471669;26.398397924071624;5672.658002205967;26.398397924071624;5672.658002205967;8.205096704013288;0.04859185100002255;Modern;1;NA;0.0;0.0;2.434834358439435;43.208908879753665
20250708_160523A_stabilized_6A.avi;0;General;6A_HT2_6;0.0;3.97;0.0;0;0;0;1.0;2.98796426942502;2.9879642694250212;11.85146817084119;16417.79352652673;11.851468170841194;16417.79352652673;10.061872648015058;0.05958796515517073;Modern;1;NA;0.0;0.0;2.3631152250537033;43.46764282334683
20250708_160523A_stabilized_6A.avi;0;General;6A_HT2_3;0.0;3.97;0.0;0;0;0;0.9915966386554622;6.465064148931774;6.51985282816001;25.643044921101296;1534.7771935422847;25.643044921101296;1534.7771935422847;5.2098873890138515;0.03085375844626335;Modern;1;NA;0.0;0.0;1.9421662075964612;42.46571469676815
20250708_160523A_stabilized_6A.avi;0;General;6A_HT2_2;0.0;3.97;0.0;0;0;0;1.0;0.65710481298294;0.6571048129829399;2.606342002032193;19350.37614971732;2.606342002032193;19350.37614971732;2.8860618569104743;0.017091704435274753;Modern;1;NA;0.0;0.0;1.9421662075964612;40.7469526554471
20250708_160523A_stabilized_6A.avi;1;General;6A_CM2_7;0.0;3.97;0.0;0;0;0;0.9915966386554622;4.4581052144385644;4.495885767103299;17.6826385080391;16767.518914025466;17.6826385080391;16767.51891402547;3.883618857584016;0.023923070909233055;Modern;1;NA;0.0;0.0;0.8427919224631043;36.49602593243396
20250708_160523A_stabilized_6A.avi;1;General;6A_CM2_5;0.0;3.97;0.0;0;0;0;0.9915966386554622;7.332040371403344;7.394176306754218;29.081821351809808;1699.7834311059596;29.081821351809808;1699.7834311059592;5.841927320738309;0.03598624032522867;Modern;1;NA;0.0;0.0;1.8760885550404505;37.03420941313976
20250708_160523A_stabilized_6A.avi;1;General;6A_CM2_6;0.0;3.97;0.0;0;0;0;1.0;7.124917578558294;7.124917578558292;28.26028904234507;1604.2696784824604;28.26028904234507;1604.2696784824604;8.394201020934863;0.051708232350871706;Modern;1;NA;0.0;0.0;2.761356229496908;40.014831934448125
20250708_160523A_stabilized_6A.avi;1;General;6A_CM2_4;0.0;3.97;0.0;0;0;0;0.8991596638655462;6.462515464436324;7.187283553905818;25.63293581320987;1083.3980057444057;25.632935813209873;1083.3980057444057;13.239840497489038;0.0815573450082089;Modern;1;NA;0.0;0.0;1.800414164833197;40.28063114599097
20250708_160523A_stabilized_6A.avi;1;General;6A_CM2_2;0.0;3.97;0.0;0;0;0;0.9915966386554622;5.686491993857179;5.734682603974612;22.554914581328056;2186.047317927488;22.554914581328052;2186.0473179274877;5.506870007534982;0.033922289109530136;Modern;1;NA;0.0;0.0;1.4569627069008237;40.858457634740375
20250708_160523A_stabilized_6A.avi;1;General;6A_CM2_1;0.0;3.97;0.0;0;0;0;1.0;2.7187788656170144;2.7187788656170144;10.783770582242008;52976.22071666212;10.783770582242008;52976.22071666212;6.368627263842024;0.03923070909233054;Modern;1;NA;0.0;0.0;4.924538637529354;43.68536571160288
20250708_160523A_stabilized_6A.avi;1;General;6A_CM2_3;0.0;3.97;0.0;0;0;0;0.9915966386554622;6.894316285377574;6.95274269457569;27.345631556560605;788.2767362242195;27.34563155656061;788.2767362242195;4.991592472835927;0.03074818231569072;Modern;1;NA;0.0;0.0;1.7039659197051908;39.02598627755457
20250708_160523A_stabilized_6A.avi;2;General;6A_HS1_3;0.0;3.97;0.0;0;0;0;1.0;4.839101892005719;4.839101892005719;19.19382458331713;2116.5390826555176;19.19382458331713;2116.5390826555176;7.99187841379299;0.049713027070981394;Modern;1;NA;0.0;0.0;1.9379362638599986;38.67264977299351
20250708_160523A_stabilized_6A.avi;2;General;6A_HS1_2;0.0;3.97;0.0;0;0;0;0.9915966386554622;0.19085111652817674;0.19246849887163586;0.7569922960753628;27612.023836242974;0.7569922960753628;27612.023836242977;1.285655523768826;0.007997347375401644;Modern;1;NA;0.0;0.0;3.8590131724213896;39.70082488897216
20250708_160523A_stabilized_6A.avi;2;General;6A_HS1_4;0.0;3.97;0.0;0;0;0;0.9915966386554622;4.839977890978337;4.880994652766288;19.197299147604227;5171.017319070743;19.197299147604227;5171.017319070741;7.103468871208411;0.04418672582440573;Modern;1;NA;0.0;0.0;1.8061893772817934;33.59945553494544
20250708_160523A_stabilized_6A.avi;2;General;6A_HS1_6;0.0;3.97;0.0;0;0;0;1.0;2.6853925716709446;2.6853925716709437;10.651347111154001;36516.05114633627;10.651347111154001;36516.05114633627;3.393724452673091;0.021110470761919048;Modern;1;NA;0.0;0.0;3.8594328775184232;38.05143302924007
20250708_160523A_stabilized_6A.avi;2;General;6A_HS1_5;0.0;3.97;0.0;0;0;0;1.0;3.4182461265452964;3.4182461265452964;13.558139092690162;16464.087697678635;13.55813909269016;16464.08769767864;8.782562906693265;0.054631435180433736;Modern;1;NA;0.0;0.0;1.712556875519696;30.801697311705077
20250708_160523A_stabilized_6A.avi;2;General;6A_HS1_7;0.0;3.97;0.0;0;0;0;1.0;4.775707956453873;4.775707956453874;18.94237873535134;2329.084965805761;18.942378735351344;2329.08496580576;7.142812722380014;0.04443146202246836;Modern;1;NA;0.0;0.0;1.7305115573803431;26.555498853014388
20250708_160523A_stabilized_6A.avi;2;General;6A_HS1_1;0.0;3.97;0.0;0;0;0;1.0;0.8420081019541557;0.8420081019541559;3.3397428215633793;17455.765641956372;3.33974282156338;17455.765641956372;3.332804941181577;0.020731524390725287;Modern;1;NA;0.0;0.0;3.8857246492240596;43.61269119381213
20250708_160523A_stabilized_6A.avi;3;General;6A_Control2_6;0.0;3.97;0.0;0;0;0;1.0;0.1787849377079277;0.17878493770792772;0.7091329773762882;57201.9115365693;0.7091329773762883;57201.91153656931;1.3897263559001625;0.008681932066854841;Modern;1;NA;0.0;0.0;4.314822869752534;41.066043698524005
20250708_160523A_stabilized_6A.avi;3;General;6A_Control2_1;0.0;3.97;0.0;0;0;0;1.0;0.38882211294190305;0.3888221129419031;1.5422248996762369;22159.44078562727;1.5422248996762364;22159.440785627274;1.3821114169637232;0.008634359836351527;Modern;1;NA;0.0;0.0;4.440760696053429;41.73631695990216
20250708_160523A_stabilized_6A.avi;3;General;6A_Control2_4;0.0;3.97;0.0;0;0;0;0.9915966386554622;0.44549970690691715;0.449275128151891;1.7670310353284158;39855.308059128336;1.7670310353284155;39855.30805912833;1.927848707408536;0.012043703022422378;Modern;1;NA;0.0;0.0;3.8986534942731907;37.035320566619596
20250708_160523A_stabilized_6A.avi;3;General;6A_Control2_5;0.0;3.97;0.0;0;0;0;1.0;1.1701304450640624;1.1701304450640622;4.641208018219565;12732.060697889674;4.641208018219565;12732.060697889674;3.039629792128666;0.01898924867590625;Modern;1;NA;0.0;0.0;4.3127466668017025;40.105532917762844
20250708_160523A_stabilized_6A.avi;3;General;6A_Control2_2;0.0;3.97;0.0;0;0;0;1.0;0.8835832841221629;0.883583284122163;3.5046467172367635;30157.01140079689;3.504646717236763;30157.01140079689;3.5612531092747544;0.022247946465383275;Modern;1;NA;0.0;0.0;2.8864622691487525;35.034630669737034
20250708_160523A_stabilized_6A.avi;3;General;6A_Control2_3;0.0;3.97;0.0;0;0;0;0.9915966386554622;1.163796402766957;1.173659084146338;4.616084658665018;13591.884416638792;4.6160846586650175;13591.884416638793;2.6956883834994936;0.016840569598173226;Modern;1;NA;0.0;0.0;2.8513987777618572;35.61799579424471
20250708_160523A_stabilized_6A.avi;3;General;6A_Control2_7;0.0;3.97;0.0;0;0;0;1.0;0.46510140990488197;0.465101409904882;1.8447792740044315;23032.302618594415;1.8447792740044318;23032.302618594415;1.8098171538937275;0.011306333449621007;Modern;1;NA;0.0;0.0;4.047952650688702;27.93192307337476
20250708_160523A_stabilized_6A.avi;4;General;6A_CM1_2;0.0;3.97;0.0;0;0;0;1.0;0.560281638772463;0.560281638772463;2.2223023469743044;40126.23272446122;2.222302346974305;40126.23272446122;1.9671925585801389;0.01254380214782264;Modern;1;NA;0.0;0.0;4.163863110496476;40.094377178724244
20250708_160523A_stabilized_6A.avi;4;General;6A_CM1_7;0.0;3.97;0.0;0;0;0;1.0;0.16359249088371927;0.1635924908837193;0.6488736222639355;43440.76295095969;0.6488736222639356;43440.762950959695;1.3059620275993309;0.008327466071038384;Modern;1;NA;0.0;0.0;3.797910216909443;27.60107306545128
20250708_160523A_stabilized_6A.avi;4;General;6A_CM1_3;0.0;3.97;0.0;0;0;0;0.9747899159663865;0.8387107302688196;0.8604015250171513;3.3266641191250432;13754.538899392808;3.3266641191250432;13754.538899392808;3.172891223516353;0.02023193894810103;Modern;1;NA;0.0;0.0;4.1890257616505755;41.157384624984914
20250708_160523A_stabilized_6A.avi;4;General;6A_CM1_1;0.0;3.97;0.0;0;0;0;1.0;0.12125476788449517;0.12125476788449518;0.4809451829296355;47528.331809796604;0.48094518292963556;47528.3318097966;1.1752389091904571;0.007493910186376622;Modern;1;NA;0.0;0.0;3.810675373313463;37.58128233191305
20250708_160523A_stabilized_6A.avi;4;General;6A_CM1_4;0.0;3.97;0.0;0;0;0;1.0;1.5831397927925541;1.5831397927925541;6.279369220129121;30801.96721329135;6.279369220129121;30801.96721329135;4.013072819503483;0.02558935638155818;Modern;1;NA;0.0;0.0;2.911248877086343;35.910551928497156
20250708_160523A_stabilized_6A.avi;4;General;6A_CM1_6;0.0;3.97;0.0;0;0;0;1.0;0.17201075382938408;0.17201075382938408;0.6822638392672724;92693.88462933105;0.6822638392672723;92693.88462933108;1.2298126382349384;0.00784189953628396;Modern;1;NA;0.0;0.0;3.802160408866072;37.29285000837957
20250708_160523A_stabilized_6A.avi;4;General;6A_CM1_5;0.0;3.97;0.0;0;0;0;0.9915966386554622;2.430467063053882;2.4510642415543376;9.640210002780211;8946.08017549616;9.64021000278021;8946.08017549616;6.0145326032975985;0.038351663470020315;Modern;1;NA;0.0;0.0;2.911248877086343;40.14499388196719
20250708_160523A_stabilized_6A.avi;5;General;6A_HT1_1;0.0;3.97;0.0;0;0;0;1.0;0.3555436260292607;0.35554362602926076;1.410229034647091;40747.89626200647;1.410229034647091;40747.89626200647;2.1994481961415357;0.01468283218531039;Modern;1;NA;0.0;0.0;3.9406721547442496;42.38482926140001
20250708_160523A_stabilized_6A.avi;5;General;6A_HT1_6;0.0;3.97;0.0;0;0;0;0.9915966386554622;3.3964794646408794;3.4252631889174974;13.471803756158412;18808.041270775528;13.471803756158408;18808.041270775528;5.345687133380351;0.03568614493048319;Modern;1;NA;0.0;0.0;2.8794614973614663;36.536993032811445
20250708_160523A_stabilized_6A.avi;5;General;6A_HT1_3;0.0;3.97;0.0;0;0;0;1.0;6.584721034414357;6.584721034414358;26.11765225969297;5513.032982738425;26.11765225969297;5513.032982738424;13.522862394626696;0.09027442408221709;Modern;1;NA;0.0;0.0;2.731466177533528;30.24822832917444
20250708_160523A_stabilized_6A.avi;5;General;6A_HT1_4;0.0;3.97;0.0;0;0;0;1.0;0.22092546015948494;0.22092546015948497;0.8762792400166225;61337.211474445;0.8762792400166224;61337.211474444994;1.5724848903747044;0.010497420125562361;Modern;1;NA;0.0;0.0;3.9837433301451846;37.74471879751789
20250708_160523A_stabilized_6A.avi;5;General;6A_HT1_5;0.0;3.97;0.0;0;0;0;1.0;3.5059293755386802;3.50592937553868;13.905926127894908;5857.328560454682;13.905926127894906;5857.328560454681;4.78852743453088;0.03196672004337917;Modern;1;NA;0.0;0.0;2.31982104829966;31.60196045818975
20250708_160523A_stabilized_6A.avi;5;General;6A_HT1_7;0.0;3.97;0.0;0;0;0;0.8235294117647058;6.119476222246405;7.430792555584921;24.272304194631097;7379.147344149601;24.272304194631097;7379.147344149603;13.946760662088481;0.09310423709427344;Modern;1;NA;0.0;0.0;3.031271433830409;32.58302625415905
20250708_160523A_stabilized_6A.avi;5;General;6A_HT1_2;0.0;3.97;0.0;0;0;0;1.0;0.3506767784648459;0.35067677846484585;1.3909251595665841;33220.754226862904;1.390925159566584;33220.754226862904;1.9456168982602275;0.012988333375695804;Modern;1;NA;0.0;0.0;3.876819942595254;42.91172701356163
20250708_160523A_stabilized_6A.avi;6;General;6A_HS2_7;0.0;3.97;0.0;0;0;0;1.0;0.8340308436133369;0.8340308436133372;3.3081018062124885;30888.741579147532;3.308101806212489;30888.74157914753;4.024495227908142;0.02742510205493669;Modern;1;NA;0.0;0.0;3.464055007513657;28.273360779352167
20250708_160523A_stabilized_6A.avi;6;General;6A_HS2_1;0.0;3.97;0.0;0;0;0;1.0;0.11982939442803725;0.11982939442803724;0.47529157845931713;55946.932864125156;0.475291578459317;55946.932864125156;1.156201561849359;0.007878987061509721;Modern;1;NA;0.0;0.0;3.844194646010523;36.52893708745718
20250708_160523A_stabilized_6A.avi;6;General;6A_HS2_5;0.0;3.97;0.0;0;0;0;1.0;4.415581011824377;4.415581011824377;17.513970415542325;5793.002594212193;17.513970415542325;5793.002594212195;3.6805538192789693;0.02508129800041514;Modern;1;NA;0.0;0.0;3.121288156396457;38.669110902085535
20250708_160523A_stabilized_6A.avi;6;General;6A_HS2_2;0.0;3.97;0.0;0;0;0;1.0;0.32989382963703223;0.3298938296370322;1.308491624785242;32252.455435785938;1.3084916247852418;32252.455435785934;1.897388951662779;0.012929841555386425;Modern;1;NA;0.0;0.0;4.390292640085484;42.39815780334029
20250708_160523A_stabilized_6A.avi;6;General;6A_HS2_4;0.0;3.97;0.0;0;0;0;1.0;0.10562916863353551;0.10562916863353551;0.41896777106162;59543.98445454426;0.41896777106162003;59543.98445454427;1.0825904854637796;0.007377361101501418;Modern;1;NA;0.0;0.0;3.858426525171873;35.784722025976244
20250708_160523A_stabilized_6A.avi;6;General;6A_HS2_6;0.0;3.97;0.0;0;0;0;1.0;4.376257128736697;4.376257128736697;17.357996077583717;13572.250059752443;17.357996077583717;13572.250059752443;4.923058022407973;0.03354839825641735;Modern;1;NA;0.0;0.0;3.0554540834471533;37.87064782650125
20250708_160523A_stabilized_6A.avi;6;General;6A_HS2_3;0.0;3.97;0.0;0;0;0;1.0;0.4449552153528157;0.4449552153528156;1.7648713628086483;17542.173516674568;1.7648713628086485;17542.17351667457;2.0154205051775875;0.013734172836089393;Modern;1;NA;0.0;0.0;4.463608470968254;45.53221922072242
20250708_160523A_stabilized_6A.avi;7;General;6A_Control1_7;0.0;3.97;0.0;0;0;0;0.9915966386554622;0.9328139894406137;0.9407191927409578;3.6999154970812946;33356.87293887884;3.6999154970812955;33356.872938878834;2.704572478925339;0.018733242494835392;Modern;1;NA;0.0;0.0;2.333457527813585;26.421611705698705
20250708_160523A_stabilized_6A.avi;7;General;6A_Control1_6;0.0;3.97;0.0;0;0;0;1.0;0.16267681860544492;0.1626768186054449;0.6452416976884189;35175.24261968688;0.6452416976884187;35175.242619686884;1.1993528824891815;0.008307327150454924;Modern;1;NA;0.0;0.0;3.965409866304461;38.32543179996842
20250708_160523A_stabilized_6A.avi;7;General;6A_Control1_5;0.0;3.97;0.0;0;0;0;0.9915966386554622;1.2640276917565267;1.2747397908392095;5.013642267816369;9535.245879031607;5.013642267816368;9535.245879031607;3.2769620556476893;0.022697903388862028;Modern;1;NA;0.0;0.0;4.250681956505692;39.69661249577032
20250708_160523A_stabilized_6A.avi;7;General;6A_Control1_3;0.0;3.97;0.0;0;0;0;1.0;4.276071222384795;4.276071222384794;16.96061847422807;3676.006601515356;16.96061847422807;3676.006601515356;6.580576397572916;0.045580414047734163;Modern;1;NA;0.0;0.0;2.3899041299287633;33.04501729255353
20250708_160523A_stabilized_6A.avi;7;General;6A_Control1_4;0.0;3.97;0.0;0;0;0;0.9915966386554622;0.1486416312809186;0.14990130612228234;0.5895724992476938;46069.74154096805;0.589572499247694;46069.74154096805;1.1917379435527422;0.008254582216166323;Modern;1;NA;0.0;0.0;4.585766934940093;39.26601082615476
20250708_160523A_stabilized_6A.avi;7;General;6A_Control1_2;0.0;3.97;0.0;0;0;0;1.0;4.576239786309672;4.576239786309672;18.15120773851247;4508.589260990396;18.15120773851247;4508.589260990395;4.600692274098711;0.031866731132697466;Modern;1;NA;0.0;0.0;3.006281746572041;34.9003427831059
20250708_160523A_stabilized_6A.avi;7;General;6A_Control1_1;0.0;3.97;0.0;0;0;0;1.0;0.8947977625175936;0.8947977625175937;3.549127849463157;27830.528473947696;3.5491278494631575;27830.528473947692;3.2147733876667686;0.02226715309217177;Modern;1;NA;0.0;0.0;3.79384565046385;34.51622040313058
